word,solved,guesses,attempts
crump,1,soare-briny-thump-crump,4
medal,1,soare-clean-metal-medal,4
fjord,1,soare-hyoid-fjord,3
lithe,1,soare-tuile-lithe,3
grime,1,soare-price-bundt-grime,4
picky,1,soare-linty-pized-gecko-picky,5
cocoa,1,soare-tical-choom-cocoa,4
gourd,1,soare-crudy-gourd,3
mangy,1,soare-canty-maund-agila-mangy,5
latch,1,soare-canty-bitch-lymph-latch,5
swell,1,soare-spelt-shawl-swell,4
glean,1,soare-clean-glean,3
mouse,1,soare-pious-halma-mouse,4
adore,1,soare-adore,2
olive,1,soare-clonk-olive,3
ultra,1,soare-hairy-album-ultra,4
lunar,1,soare-rainy-lunar,3
sorry,1,soare-sorry,2
foggy,1,soare-bludy-goofs-foggy,4
puree,1,soare-price-agger-puree,4
mound,1,soare-bludy-hound-flimp-mound,5
spurn,1,soare-thilk-spurn,3
token,1,soare-manly-waked-token,4
awake,1,soare-alive-agate-amaze-awake,5
arose,1,soare-arose,2
patsy,1,soare-pasty-patsy,3
smoke,1,soare-stank-amped-smoke,4
decor,1,soare-older-decor,3
class,1,soare-clash-alaps-class,4
tenth,1,soare-inlet-tenth,3
cache,1,soare-gault-chivy-cache,4
cinch,1,soare-linty-milch-cowps-cinch,5
slump,1,soare-flint-plumy-slump,4
squat,1,soare-salty-squat,3
brave,1,soare-gitch-dumka-brave,4
lilac,1,soare-canty-ailed-lilac,4
mouth,1,soare-bludy-match-mouth,4
fewer,1,soare-cider-letup-fawns-fewer,5
abort,1,soare-acorn-agita-abort,4
truss,1,soare-brust-truss,3
pleat,1,soare-clean-bepat-pleat,4
offal,1,soare-aloft-offal,3
crest,1,soare-risen-chats-crest,4
melee,1,soare-tuile-moled-melee,4
rinse,1,soare-vertu-rinse,3
queer,1,soare-cider-letup-beefy-queer,5
stony,1,soare-chout-bloop-stony,4
clean,1,soare-clean,2
frock,1,soare-crout-frock,3
scion,1,soare-chout-scion,3
newer,1,soare-cider-letup-fawns-newer,5
alone,1,soare-abode-twank-alone,4
shave,1,soare-thilk-damps-shave,4
stomp,1,soare-chout-bloop-stomp,4
equal,1,soare-clean-metal-equal,4
dough,1,soare-bludy-hound-dough,4
shrug,1,soare-shtup-befog-shrug,4
enema,1,soare-clean-amend-enema,4
clown,1,soare-biont-clown,3
radar,1,soare-rainy-pujah-radar,4
creed,1,soare-cider-creed,3
humid,1,soare-linty-quich-humid,4
lingo,1,soare-biont-daals-lingo,4
vocal,1,soare-tical-favel-vocal,4
semen,1,soare-spelt-hemin-semen,4
agree,1,soare-barge-agree,3
exert,1,soare-certy-enfix-exert,4
decay,1,soare-clean-decay,3
frond,1,soare-crout-blown-figgy-frond,5
tryst,1,soare-brust-twiny-tryst,4
clasp,1,soare-clash-alaps-clasp,4
scuba,1,soare-salty-scuba,3
drawl,1,soare-train-crawl-baaed-drawl,5
sully,1,soare-flint-hulky-sully,4
saint,1,soare-salty-actin-saint,4
booty,1,soare-bludy-stobs-booty,4
deity,1,soare-inlet-tepid-deity,4
minim,1,soare-linty-milch-minim,4
racer,1,soare-later-grype-waker-acred-racer,6
hussy,1,soare-mushy-abask-hussy,4
ennui,1,soare-inlet-ennui,3
filmy,1,soare-linty-dolma-filmy,4
spunk,1,soare-flint-spunk,3
inlay,1,soare-canty-inlay,3
stink,1,soare-flint-aking-stink,4
ascot,1,soare-mason-ascot,3
cycle,1,soare-tuile-belch-cycle,4
twixt,1,soare-linty-thack-twixt,4
quart,1,soare-audit-quart,3
snare,1,soare-chant-snare,3
awful,1,soare-canty-apiol-awful,4
check,1,soare-inlet-beady-check,4
outgo,1,soare-biont-adage-outgo,4
ocean,1,soare-oaken-ocean,3
scram,1,soare-strap-scram,3
quiet,1,soare-inlet-quiet,3
usurp,1,soare-usurp,2
kappa,1,soare-canty-milpa-kappa,4
plier,1,soare-cider-flint-plier,4
mafia,1,soare-canty-milpa-mafia,4
erect,1,soare-cider-retch-erect,4
ditch,1,soare-linty-dight-ditch,4
macro,1,soare-acorn-macro,3
gaffe,1,soare-gault-gaffe,3
torso,1,soare-worst-torso,3
taint,1,soare-canty-daunt-taffy-taint,5
mange,1,soare-gault-banda-mange,4
ample,1,soare-gault-amped-ample,4
level,1,soare-inlet-bezil-javel-level,5
relax,1,soare-later-regal-ataxy-relax,5
spore,1,soare-chant-pwned-spore,4
teary,1,soare-handy-tawai-teary,4
flier,1,soare-cider-flint-flier,4
lucky,1,soare-linty-campi-lucky,4
gumbo,1,soare-biont-gadje-gumbo,4
horde,1,soare-burgh-horde,3
aging,1,soare-canty-align-agape-aging,5
milky,1,soare-linty-dolma-milky,4
golly,1,soare-bludy-hotly-wilco-fadge-golly,6
vital,1,soare-canty-tidal-vital,4
flock,1,soare-biont-flock,3
organ,1,soare-manor-gaols-organ,4
unset,1,soare-guest-apian-unset,4
aside,1,soare-basti-aside,3
cadet,1,soare-clean-cadgy-cadet,4
hobby,1,soare-bludy-hobby,3
crone,1,soare-piend-crone,3
bawdy,1,soare-canty-godly-bawdy,4
grace,1,soare-gitch-grace,3
trick,1,soare-briny-flack-capot-trick,5
choir,1,soare-crout-choir,3
antic,1,soare-canty-antic,3
point,1,soare-bludy-tonic-jaaps-point,5
skiff,1,soare-flint-skiff,3
birch,1,soare-briny-aceta-birch,4
weird,1,soare-certy-weird,3
peril,1,soare-cider-remit-peril,4
laden,1,soare-clean-laden,3
girly,1,soare-briny-dalts-girly,4
baste,1,soare-basti-baste,3
whiny,1,soare-linty-unify-whiny,4
stack,1,soare-thilk-acing-stack,4
squib,1,soare-flint-sushi-squib,4
rigor,1,soare-crout-vigor-rigor,4
floss,1,soare-glost-floss,3
nutty,1,soare-linty-nutty,3
sperm,1,soare-atman-sperm,3
venue,1,soare-tuile-vendu-venue,4
loopy,1,soare-bludy-hotly-loopy,4
rupee,1,soare-price-rupee,3
sling,1,soare-flint-aking-sling,4
pithy,1,soare-linty-pithy,3
amass,1,soare-clash-quais-amass,4
sneer,1,soare-wiper-uneth-sneer,4
goner,1,soare-vower-gryke-goner,4
gnash,1,soare-clash-awing-gnash,4
drape,1,soare-gitch-dumka-drape,4
blimp,1,soare-linty-child-blimp,4
genre,1,soare-thegn-genre,3
swept,1,soare-spelt-swept,3
crisp,1,soare-brust-champ-crisp,4
super,1,soare-wiper-super,3
kayak,1,soare-canty-kayak,3
digit,1,soare-linty-dight-digit,4
drill,1,soare-briny-flack-dagga-drill,5
stave,1,soare-thilk-agate-stave,4
dodgy,1,soare-bludy-nudge-dodgy,4
anime,1,soare-gault-abamp-anime,4
beady,1,soare-letch-beady,3
brace,1,soare-gitch-brace,3
berth,1,soare-cider-perky-routh-berth,5
elegy,1,soare-inlet-elegy,3
lunch,1,soare-linty-lunch,3
since,1,soare-cline-since,3
libel,1,soare-inlet-pibal-libel,4
worth,1,soare-north-fatwa-worth,4
etude,1,soare-tuile-chute-etude,4
gipsy,1,soare-mushy-giant-gipsy,4
worry,1,soare-crudy-lawed-worry,4
chili,1,soare-linty-child-aalii-chili,5
scant,1,soare-thilk-stand-scant,4
tonal,1,soare-tical-actin-tonal,4
cutie,1,soare-tuile-cutie,3
limit,1,soare-linty-might-limit,4
mercy,1,soare-cider-retch-mercy,4
twist,1,soare-mushy-blats-twist,4
vigor,1,soare-crout-vigor,3
crock,1,soare-crout-snowk-accoy-crock,5
riper,1,soare-cider-favel-tamps-pacer-riper,6
fever,1,soare-cider-letup-fawns-fever,5
askew,1,soare-ashen-wisht-askew,4
agent,1,soare-clean-amend-agent,4
parse,1,soare-paire-parse,3
quail,1,soare-clink-quack-quail,4
knife,1,soare-tuile-chank-knife,4
rumba,1,soare-rainy-boral-rumba,4
brook,1,soare-crout-blown-miked-brook,5
siren,1,soare-wiper-siren,3
circa,1,soare-rainy-vicar-circa,4
blind,1,soare-linty-black-blind,4
trice,1,soare-price-trice,3
livid,1,soare-linty-pavan-livid,4
boast,1,soare-batch-boast,3
hefty,1,soare-inlet-hefty,3
salon,1,soare-halon-salon,3
movie,1,soare-budge-mavie-movie,4
batch,1,soare-canty-bitch-batch,4
widen,1,soare-inlet-given-widen,4
third,1,soare-built-third,3
panic,1,soare-canty-mapau-panic,4
frail,1,soare-train-bagel-frail,4
acrid,1,soare-rainy-vicar-acrid,4
hilly,1,soare-linty-dolma-fowth-hilly,5
email,1,soare-letch-email,3
bunch,1,soare-linty-bumph-bunch,4
blunt,1,soare-linty-blunt,3
refer,1,soare-cider-letup-fawns-refer,5
sissy,1,soare-flint-sushi-sissy,4
cheat,1,soare-clean-adapt-cheat,4
scamp,1,soare-thilk-swamp-scamp,4
basal,1,soare-pasty-basil-basal,4
scent,1,soare-spelt-wheen-scent,4
slick,1,soare-flint-amuck-slick,4
silly,1,soare-flint-akela-silly,4
smith,1,soare-flint-ketch-smith,4
pedal,1,soare-clean-metal-ledge-pedal,5
cubic,1,soare-linty-quich-calpa-cubic,5
apron,1,soare-manor-apron,3
gusto,1,soare-glost-gusto,3
dumpy,1,soare-linty-dumpy,3
valor,1,soare-manor-valor,3
sedan,1,soare-steak-sedan,3
court,1,soare-crudy-court,3
fleet,1,soare-inlet-fleet,3
jumpy,1,soare-linty-dumpy-jumpy,4
snake,1,soare-thilk-snake,3
ripen,1,soare-cider-input-ripen,4
wench,1,soare-inlet-bench-wench,4
expel,1,soare-inlet-bezil-expat-expel,5
daddy,1,soare-canty-godly-damps-daddy,5
soapy,1,soare-soapy,2
roomy,1,soare-north-rocky-dooms-roomy,5
afire,1,soare-azuki-afire,3
duchy,1,soare-linty-dumpy-duchy,4
moult,1,soare-bludy-moult,3
oddly,1,soare-biont-oddly,3
bicep,1,soare-inlet-bicep,3
vault,1,soare-canty-fault-vault,4
cacti,1,soare-canty-cacti,3
found,1,soare-bludy-hound-flimp-found,5
forum,1,soare-north-fudgy-forum,4
slain,1,soare-thilk-algin-slain,4
trade,1,soare-gitch-trade,3
igloo,1,soare-biont-odium-igloo,4
octet,1,soare-melon-epoch-octet,4
hitch,1,soare-linty-dight-pshaw-hitch,5
corer,1,soare-vower-gryke-birch-corer,5
nerdy,1,soare-cider-nerdy,3
swami,1,soare-thilk-swami,3
palsy,1,soare-pasty-anlas-palsy,4
weigh,1,soare-inlet-edify-weigh,4
minus,1,soare-mushy-minus,3
infer,1,soare-cider-flint-infer,4
snaky,1,soare-thilk-snaky,3
shrew,1,soare-wiper-achar-shrew,4
child,1,soare-linty-child,3
recut,1,soare-cider-retch-recut,4
shiny,1,soare-flint-gulpy-shiny,4
flume,1,soare-tuile-fremd-flume,4
cloth,1,soare-biont-cloth,3
leapt,1,soare-letch-aping-leapt,4
revue,1,soare-price-nervy-revue,4
chirp,1,soare-built-chirp,3
showy,1,soare-chout-known-showy,4
twang,1,soare-clink-twang,3
fritz,1,soare-briny-flack-fritz,4
visor,1,soare-crost-visor,3
valid,1,soare-canty-milpa-valid,4
lever,1,soare-cider-letup-lever,4
lumen,1,soare-inlet-lumen,3
pulse,1,soare-guest-pulse,3
stood,1,soare-chout-bloop-stood,4
eager,1,soare-later-grype-elbow-eager,5
evade,1,soare-alive-evade,3
allot,1,soare-aloft-allot,3
spine,1,soare-cline-whaps-spine,4
forgo,1,soare-north-fudgy-forgo,4
tilde,1,soare-tuile-tilde,3
folio,1,soare-bludy-login-folio,4
tease,1,soare-chase-ablet-tease,4
blank,1,soare-clink-baffs-blank,4
media,1,soare-clean-matey-media,4
waist,1,soare-pasty-waist,3
offer,1,soare-older-futon-offer,4
annul,1,soare-canty-final-annul,4
chair,1,soare-train-chafe-chair,4
stoop,1,soare-chout-bloop-stoop,4
revel,1,soare-cider-great-anvil-revel,5
urban,1,soare-rainy-lunar-urban,4
papal,1,soare-canty-milpa-papal,4
exist,1,soare-guest-helix-exist,4
slant,1,soare-thilk-slant,3
below,1,soare-melon-below,3
rouse,1,soare-hurds-rouse,3
omega,1,soare-oaken-omega,3
shaft,1,soare-thilk-shaft,3
brick,1,soare-briny-brick,3
cheek,1,soare-inlet-check-cheek,4
dicey,1,soare-inlet-bicep-dicey,4
prick,1,soare-briny-flack-capot-prick,5
wooer,1,soare-vower-wooer,3
payee,1,soare-gault-chivy-pombe-payee,5
naive,1,soare-gault-chivy-navew-naive,5
macaw,1,soare-canty-magic-macaw,4
ounce,1,soare-clonk-ounce,3
cover,1,soare-vower-charm-cover,4
smite,1,soare-cline-empts-smite,4
skirt,1,soare-thilk-skirt,3
pagan,1,soare-canty-naval-pagan,4
rodeo,1,soare-vower-rodeo,3
crane,1,soare-gitch-avant-crane,4
river,1,soare-cider-favel-radge-river,5
delve,1,soare-tuile-moled-delve,4
purer,1,soare-cider-letup-purda-purer,5
coral,1,soare-moral-coral,3
built,1,soare-linty-built,3
suing,1,soare-flint-gulpy-suing,4
trash,1,soare-bachs-trash,3
topaz,1,soare-tical-dopey-topaz,4
unfed,1,soare-inlet-unfed,3
stoic,1,soare-chout-brick-stoic,4
trial,1,soare-rainy-taber-abled-trial,5
pouty,1,soare-bludy-pouty,3
intro,1,soare-hyoid-incut-intro,4
butch,1,soare-linty-butch,3
imbue,1,soare-tuile-imbar-imbue,4
wooly,1,soare-bludy-hotly-wilco-wooly,5
rusty,1,soare-brust-rusty,3
eight,1,soare-inlet-edict-eight,4
waxen,1,soare-clean-withe-waxen,4
lofty,1,soare-bludy-hotly-lofty,4
visit,1,soare-mushy-visit,3
idler,1,soare-cider-drill-idler,4
cobra,1,soare-cobra,2
demon,1,soare-melon-demon,3
erase,1,soare-erase,2
china,1,soare-canty-china,3
axial,1,soare-canty-apiol-axial,4
quell,1,soare-inlet-elegy-whelp-quell,5
flirt,1,soare-built-flirt,3
ruder,1,soare-cider-under-ruder,4
split,1,soare-flint-split,3
gamer,1,soare-later-grype-enzym-gamer,5
slush,1,soare-flint-plumy-slush,4
above,1,soare-abode-above,3
moist,1,soare-buist-fehme-moist,4
hyena,1,soare-clean-amend-hyena,4
feral,1,soare-later-regal-feral,4
jerky,1,soare-cider-perky-jerky,4
morph,1,soare-north-campi-morph,4
excel,1,soare-inlet-bezil-expat-excel,5
craft,1,soare-train-chaft-craft,4
stead,1,soare-steak-almud-stead,4
rover,1,soare-vower-charm-raile-rover,5
muddy,1,soare-linty-dumpy-muddy,4
gouge,1,soare-budge-gouge,3
saucy,1,soare-salty-cuspy-saucy,4
inner,1,soare-cider-flint-inner,4
femur,1,soare-cider-fable-femur,4
forte,1,soare-burgh-aceta-forte,4
billy,1,soare-linty-dolma-fowth-billy,5
bevel,1,soare-inlet-bezil-bevel,4
dying,1,soare-linty-daven-dying,4
shine,1,soare-cline-whaps-shine,4
gleam,1,soare-clean-bepat-gleam,4
tulip,1,soare-linty-built-tulip,4
icing,1,soare-linty-unzip-icing,4
parer,1,soare-later-grype-parch-parer,5
retry,1,soare-certy-retry,3
chuck,1,soare-linty-chump-chuck,4
earth,1,soare-later-earth,3
rugby,1,soare-briny-rugby,3
spoke,1,soare-stank-amped-spoke,4
plied,1,soare-inlet-pibal-plied,4
manor,1,soare-manor,2
vixen,1,soare-inlet-given-vixen,4
croup,1,soare-crout-croup,3
giant,1,soare-clink-giant,3
still,1,soare-flint-still,3
resin,1,soare-risen-resin,3
their,1,soare-cider-their,3
lobby,1,soare-bludy-nabla-lobby,4
alarm,1,soare-audit-alarm,3
sieve,1,soare-cline-agave-sieve,4
bayou,1,soare-aloft-bacon-bayou,4
nerve,1,soare-price-nervy-nerve,4
motif,1,soare-bludy-tonic-metif-motif,5
sooty,1,soare-gouty-sooty,3
await,1,soare-clink-await,3
cabby,1,soare-canty-labda-cabby,4
steam,1,soare-steak-almud-steam,4
aunty,1,soare-canty-aunty,3
alpha,1,soare-canty-apiol-alpha,4
stair,1,soare-stair,2
bough,1,soare-bludy-bough,3
other,1,soare-older-futon-other,4
chute,1,soare-tuile-chute,3
undue,1,soare-tuile-vendu-undue,4
tenet,1,soare-inlet-tenet,3
harsh,1,soare-marsh-harsh,3
tepid,1,soare-inlet-tepid,3
stilt,1,soare-flint-ataps-stilt,4
candy,1,soare-canty-aband-candy,4
wight,1,soare-linty-dight-fatwa-wight,5
deter,1,soare-cider-fetor-deter,4
finer,1,soare-cider-favel-boxen-finer,5
spree,1,soare-cupel-spree,3
gayly,1,soare-canty-godly-aiyee-gayly,5
gooey,1,soare-manly-coped-gooey,4
usher,1,soare-risen-erhus-usher,4
crepe,1,soare-price-crepe,3
comic,1,soare-bludy-tonic-comic,4
shorn,1,soare-chant-shorn,3
elite,1,soare-tuile-elite,3
guard,1,soare-audit-guard,3
droit,1,soare-crout-fiend-droit,4
drove,1,soare-piend-deave-drove,4
light,1,soare-linty-might-light,4
glare,1,soare-blaff-glare,3
dirge,1,soare-price-dirge,3
terra,1,soare-alert-extra-terra,4
musty,1,soare-mushy-akita-musty,4
atone,1,soare-abode-twank-atone,4
crier,1,soare-cider-crier,3
dunce,1,soare-tuile-fudge-dunce,4
rower,1,soare-vower-clamp-rabat-rower,5
water,1,soare-later-chews-water,4
drone,1,soare-piend-drone,3
warty,1,soare-rainy-depth-warty,4
creek,1,soare-cider-skelp-creek,4
sheep,1,soare-spelt-awash-sheep,4
dealt,1,soare-letch-dealt,3
right,1,soare-briny-girth-right,4
diner,1,soare-cider-anvil-diner,4
wreck,1,soare-cider-retch-wreck,4
sleet,1,soare-spelt-sleet,3
using,1,soare-mushy-ficus-using,4
sauce,1,soare-acute-sauce,3
buxom,1,soare-biont-buxom,3
skate,1,soare-thilk-akita-skate,4
reply,1,soare-cider-perky-reply,4
quirk,1,soare-built-quirk,3
bunny,1,soare-linty-flank-bunny,4
augur,1,soare-rainy-mural-augur,4
piney,1,soare-inlet-given-piney,4
tango,1,soare-aloft-baton-tango,4
frame,1,soare-gitch-dumka-frame,4
theme,1,soare-tuile-chyme-theme,4
spoon,1,soare-chout-apiol-flank-spoon,5
polyp,1,soare-bludy-polyp,3
utter,1,soare-cider-letup-utter,4
enemy,1,soare-inlet-enemy,3
smack,1,soare-thilk-enact-smack,4
woman,1,soare-tical-named-woman,4
stall,1,soare-thilk-stall,3
blurb,1,soare-built-blurb,3
rotor,1,soare-north-mater-rotor,4
maize,1,soare-gault-chivy-maize,4
annex,1,soare-clean-apnea-annex,4
dense,1,soare-guest-dense,3
udder,1,soare-cider-under-udder,4
felon,1,soare-melon-felon,3
scree,1,soare-cupel-scree,3
loamy,1,soare-calmy-loamy,3
petty,1,soare-inlet-hefty-jaaps-petty,5
sprig,1,soare-shtup-sprig,3
first,1,soare-brust-first,3
adapt,1,soare-clink-adept-adapt,4
meaty,1,soare-letch-atony-meaty,4
kinky,1,soare-linty-danks-kalpa-kinky,5
randy,1,soare-rainy-randy,3
crook,1,soare-crout-snowk-accoy-crook,5
reach,1,soare-daych-reach,3
ingot,1,soare-biont-ingot,3
toast,1,soare-batch-toast,3
gavel,1,soare-clean-bagel-gavel,4
query,1,soare-certy-fique-query,4
hasty,1,soare-pasty-tanhs-hasty,4
scene,1,soare-cline-scene,3
spray,1,soare-strap-spray,3
troop,1,soare-crout-filth-troop,4
downy,1,soare-bludy-nudge-downy,4
karma,1,soare-rainy-cheka-karma,4
humor,1,soare-crout-farms-rache-humor,5
welch,1,soare-inlet-belch-welch,4
shore,1,soare-chant-shore,3
epoch,1,soare-melon-epoch,3
maxim,1,soare-canty-milpa-maxim,4
magic,1,soare-canty-magic,3
cloud,1,soare-biont-flock-cloud,4
bugle,1,soare-tuile-bugle,3
doubt,1,soare-bludy-doubt,3
robin,1,soare-north-round-robin,4
ruddy,1,soare-briny-cardi-ruddy,4
leery,1,soare-certy-leery,3
femme,1,soare-tuile-dench-femme,4
world,1,soare-north-fudgy-world,4
heist,1,soare-guest-helix-heist,4
realm,1,soare-daych-realm,3
flick,1,soare-linty-child-flick,4
plunk,1,soare-linty-flack-plunk,4
being,1,soare-inlet-being,3
buddy,1,soare-linty-dumpy-buddy,4
lemon,1,soare-melon-lemon,3
width,1,soare-linty-wifed-width,4
ardor,1,soare-manor-ardeb-ardor,4
focus,1,soare-buist-fable-focus,4
pluck,1,soare-linty-clump-pluck,4
setup,1,soare-spelt-setup,3
would,1,soare-bludy-cahow-would,4
poker,1,soare-vower-gryke-jaaps-poker,5
floor,1,soare-crout-floor,3
gummy,1,soare-linty-dumpy-madge-gummy,5
curve,1,soare-price-curve,3
raven,1,soare-later-ramen-raven,4
inert,1,soare-certy-enfix-inert,4
tamer,1,soare-later-kemps-tamer,4
leant,1,soare-letch-aping-leant,4
scrub,1,soare-shtup-abeam-scrub,4
grape,1,soare-gitch-adapt-grape,4
slang,1,soare-thilk-slang,3
miner,1,soare-cider-favel-tamps-miner,5
sheet,1,soare-spelt-wheen-sheet,4
shack,1,soare-thilk-acing-shack,4
pause,1,soare-basti-clump-pause,4
whack,1,soare-clink-quash-whack,4
guava,1,soare-clink-adept-guava,4
avert,1,soare-alert-avert,3
manga,1,soare-canty-milia-manga,4
yeast,1,soare-fluyt-yeast,3
alloy,1,soare-aloft-alway-alloy,4
chide,1,soare-tuile-chank-amide-chide,5
horny,1,soare-north-horny,3
irate,1,soare-gitch-irate,3
green,1,soare-cider-great-green,4
spawn,1,soare-thilk-swamp-spawn,4
honey,1,soare-manly-bacha-honey,4
vogue,1,soare-budge-vogue,3
laugh,1,soare-canty-milpa-laugh,4
swash,1,soare-thilk-amowt-swash,4
leech,1,soare-inlet-elegy-whelp-leech,5
wiser,1,soare-risen-macaw-wiser,4
shale,1,soare-thilk-shale,3
bused,1,soare-guest-bused,3
patio,1,soare-aloft-baton-patio,4
hazel,1,soare-clean-bagel-haply-hazel,5
drawn,1,soare-train-biped-drawn,4
sweet,1,soare-spelt-wheen-sweet,4
graph,1,soare-train-crawl-gaudy-graph,5
niche,1,soare-tuile-ginch-niche,4
peach,1,soare-letch-bapus-peach,4
cleat,1,soare-clean-cleat,3
mushy,1,soare-mushy,2
coast,1,soare-batch-coast,3
prank,1,soare-train-drack-flaps-prank,5
rocky,1,soare-north-rocky,3
shirt,1,soare-thilk-shirt,3
retro,1,soare-metro-retro,3
modem,1,soare-manly-modem,3
globe,1,soare-clonk-gambe-globe,4
renal,1,soare-later-regal-renal,4
anvil,1,soare-canty-align-anvil,4
bylaw,1,soare-canty-bylaw,3
penne,1,soare-tuile-dench-penne,4
midge,1,soare-tuile-ginch-midge,4
braid,1,soare-train-bagel-braid,4
quill,1,soare-linty-child-quill,4
board,1,soare-bacha-board,3
soggy,1,soare-gouty-soggy,3
truly,1,soare-briny-daynt-truly,4
spiny,1,soare-flint-gulpy-spiny,4
undid,1,soare-linty-unzip-undid,4
crass,1,soare-bachs-crass,3
brain,1,soare-train-badge-brain,4
forth,1,soare-north-fatwa-forth,4
yearn,1,soare-handy-yearn,3
tweet,1,soare-inlet-duvet-begat-tweet,5
flash,1,soare-clash-flash,3
paste,1,soare-basti-chapt-paste,4
juror,1,soare-crout-farms-juror,4
error,1,soare-older-terns-error,4
shake,1,soare-thilk-shake,3
abode,1,soare-abode,2
trend,1,soare-cider-nerdy-trend,4
debug,1,soare-inlet-beady-debug,4
petal,1,soare-clean-metal-flaps-petal,5
hater,1,soare-later-chews-hater,4
snack,1,soare-thilk-enact-snack,4
attic,1,soare-canty-attic,3
flunk,1,soare-linty-flack-flunk,4
crypt,1,soare-briny-crypt,3
disco,1,soare-glost-bacon-disco,4
gaudy,1,soare-canty-godly-gaudy,4
paler,1,soare-later-bapus-paler,4
ankle,1,soare-gault-amped-ankle,4
nomad,1,soare-tical-named-nomad,4
funny,1,soare-linty-flank-funny,4
fraud,1,soare-train-crawl-gaudy-fraud,5
vapid,1,soare-canty-milpa-vapid,4
evict,1,soare-inlet-edict-evict,4
spell,1,soare-spelt-spell,3
fifth,1,soare-linty-wifed-fifth,4
bosom,1,soare-buist-bosom,3
magma,1,soare-canty-milpa-agmas-magma,5
derby,1,soare-cider-nerdy-derby,4
madly,1,soare-canty-godly-balms-madly,5
tried,1,soare-cider-defat-tried,4
hotly,1,soare-bludy-hotly,3
scarf,1,soare-thack-arefy-scarf,4
chore,1,soare-chomp-chore,3
hippo,1,soare-biont-kapow-hippo,4
shady,1,soare-thilk-shady,3
briar,1,soare-rainy-taber-briar,4
drive,1,soare-price-bundt-drive,4
plate,1,soare-alive-blimp-canto-plate,5
dogma,1,soare-tical-dogma,3
unify,1,soare-linty-unify,3
sense,1,soare-cline-sense,3
agora,1,soare-acorn-agita-agora,4
strut,1,soare-shtup-strut,3
tibia,1,soare-canty-tidal-tibia,4
lorry,1,soare-crudy-lawed-lorry,4
quest,1,soare-guest-quest,3
woody,1,soare-bludy-dhows-woody,4
pulpy,1,soare-linty-badly-pulpy,4
tonga,1,soare-tical-tonga,3
stank,1,soare-thilk-acing-stank,4
rough,1,soare-north-rough,3
knoll,1,soare-biont-clown-knoll,4
barge,1,soare-barge,2
defer,1,soare-cider-fetor-defer,4
wheat,1,soare-clean-wheat,3
teddy,1,soare-inlet-hefty-teddy,4
snout,1,soare-chout-inapt-snout,4
cleft,1,soare-inlet-clefs-cleft,4
recur,1,soare-cider-recur,3
hairy,1,soare-hairy,2
quoth,1,soare-biont-cloth-quoth,4
skunk,1,soare-flint-spunk-skunk,4
ruler,1,soare-cider-letup-bluer-ruler,5
proof,1,soare-crout-blown-pagod-proof,5
abled,1,soare-clean-bagel-abled,4
arbor,1,soare-manor-ardeb-arbor,4
risky,1,soare-brust-risky,3
cower,1,soare-vower-clamp-cower,4
droll,1,soare-crout-blown-ablow-droll,5
sandy,1,soare-salty-cuspy-vanda-sandy,5
flout,1,soare-biont-cafes-flout,4
sworn,1,soare-chant-sworn,3
tithe,1,soare-tuile-tithe,3
lying,1,soare-linty-lying,3
synod,1,soare-chout-synod,3
untie,1,soare-tuile-untie,3
stein,1,soare-spelt-dined-stein,4
amble,1,soare-gault-amped-amble,4
egret,1,soare-cider-great-egret,4
zebra,1,soare-alert-zebra,3
holly,1,soare-bludy-hotly-holly,4
leper,1,soare-cider-letup-leper,4
stale,1,soare-thilk-stale,3
elide,1,soare-tuile-egads-elide,4
broke,1,soare-piend-trave-backs-broke,5
solar,1,soare-anlas-solar,3
black,1,soare-clink-baffs-black,4
share,1,soare-chant-share,3
rhino,1,soare-crout-vigor-rhino,4
panel,1,soare-clean-pangs-panel,4
shirk,1,soare-thilk-shirk,3
gravy,1,soare-train-crawl-gaudy-gravy,5
glaze,1,soare-alive-blimp-gated-glaze,5
cameo,1,soare-oaken-cameo,3
rajah,1,soare-rainy-pujah-rajah,4
creme,1,soare-price-deems-creme,4
endow,1,soare-melon-jivey-endow,4
sheer,1,soare-wiper-uneth-sheer,4
dimly,1,soare-linty-dolma-dimly,4
swine,1,soare-cline-whaps-swine,4
gruff,1,soare-briny-thump-gruff,4
mimic,1,soare-linty-caved-mimic,4
tramp,1,soare-train-mulct-tramp,4
algae,1,soare-gault-algae,3
agape,1,soare-alive-agate-agape,4
rhyme,1,soare-price-nervy-rhyme,4
loyal,1,soare-tical-lindy-loyal,4
moody,1,soare-bludy-dhows-gamas-moody,5
opine,1,soare-clonk-spivs-opine,4
geeky,1,soare-inlet-beady-geeky,4
rayon,1,soare-manor-bardy-rayon,4
steal,1,soare-steak-almud-steal,4
weary,1,soare-handy-tawai-weary,4
solve,1,soare-solve,2
trawl,1,soare-train-mulct-trawl,4
crony,1,soare-crout-snowk-crony,4
major,1,soare-manor-enjoy-major,4
carve,1,soare-barge-calve-carve,4
solid,1,soare-gouty-acned-solid,4
guile,1,soare-tuile-guile,3
agony,1,soare-aloft-dying-agony,4
night,1,soare-linty-night,3
apply,1,soare-canty-ample-apply,4
nobly,1,soare-bludy-nabla-nobly,4
abuse,1,soare-basti-abuse,3
smelt,1,soare-spelt-smelt,3
leach,1,soare-letch-leach,3
actor,1,soare-manor-ardeb-actor,4
gusty,1,soare-mushy-dalts-gusty,4
noisy,1,soare-buist-noisy,3
lowly,1,soare-bludy-hotly-wilco-lowly,5
probe,1,soare-piend-above-probe,4
leafy,1,soare-letch-faiks-leafy,4
needy,1,soare-inlet-bench-needy,4
wordy,1,soare-north-fudgy-wordy,4
torch,1,soare-north-torch,3
verge,1,soare-price-nervy-verge,4
amity,1,soare-canty-amity,3
hotel,1,soare-manly-hawed-civet-hotel,5
break,1,soare-later-break,3
rigid,1,soare-briny-girth-rigid,4
amuse,1,soare-basti-amuse,3
vouch,1,soare-bludy-match-calpa-vouch,5
broil,1,soare-crout-blown-broil,4
fizzy,1,soare-linty-pized-fizzy,4
along,1,soare-aloft-duing-along,4
booze,1,soare-budge-booze,3
loose,1,soare-pious-gamin-loose,4
elfin,1,soare-inlet-elfin,3
wider,1,soare-cider-rawin-wider,4
model,1,soare-manly-acted-model,4
joist,1,soare-buist-fehme-joist,4
kitty,1,soare-linty-fated-bawks-kitty,5
large,1,soare-barge-large,3
quota,1,soare-aloft-quota,3
broth,1,soare-crout-filth-broth,4
bison,1,soare-glost-bacon-bison,4
havoc,1,soare-aloft-bacon-havoc,4
gulch,1,soare-linty-clump-gulch,4
snore,1,soare-chant-snore,3
fussy,1,soare-mushy-dalts-fussy,4
fault,1,soare-canty-fault,3
polar,1,soare-moral-polar,3
graft,1,soare-train-chaft-dagga-graft,5
owing,1,soare-biont-owing,3
begun,1,soare-inlet-bench-begun,4
covet,1,soare-manly-covet,3
upset,1,soare-guest-apian-upset,4
whine,1,soare-tuile-chank-whine,4
scale,1,soare-thilk-scale,3
tidal,1,soare-canty-tidal,3
tweak,1,soare-clean-wheat-tweak,4
proxy,1,soare-crout-blown-pagod-proxy,5
liver,1,soare-cider-favel-liver,4
chaff,1,soare-clink-flimp-chaff,4
rebar,1,soare-later-rabid-rebar,4
shell,1,soare-spelt-shawl-shell,4
wrote,1,soare-piend-trave-wrote,4
mucky,1,soare-linty-dumpy-mucky,4
rifle,1,soare-price-dirge-rifle,4
weave,1,soare-alive-kench-weave,4
fecal,1,soare-clean-decal-fecal,4
agile,1,soare-gault-anigh-agile,4
moron,1,soare-north-cyton-moron,4
creak,1,soare-later-break-cafes-creak,5
wafer,1,soare-later-grype-waker-favas-wafer,6
chump,1,soare-linty-chump,3
virus,1,soare-brust-virus,3
title,1,soare-tuile-title,3
eclat,1,soare-clean-decal-eclat,4
ledge,1,soare-tuile-moled-ledge,4
tuber,1,soare-cider-letup-brugh-tuber,5
atoll,1,soare-aloft-atoll,3
decry,1,soare-certy-decry,3
stuff,1,soare-flint-stuff,3
coach,1,soare-calmy-coach,3
murky,1,soare-briny-cardi-murky,4
erupt,1,soare-cider-perky-erupt,4
tunic,1,soare-linty-tunic,3
boxer,1,soare-vower-gryke-birch-boxer,5
vaunt,1,soare-canty-daunt-tavah-vaunt,5
tumor,1,soare-crout-motor-tumor,4
beret,1,soare-cider-great-beret,4
furry,1,soare-built-chafe-furry,4
greed,1,soare-cider-befog-greed,4
booth,1,soare-bludy-gotch-booth,4
shove,1,soare-stank-aleph-shove,4
bleat,1,soare-clean-bepat-bleat,4
spank,1,soare-thilk-enact-spank,4
reset,1,soare-risen-reset,3
maple,1,soare-gault-labda-maple,4
tabby,1,soare-canty-fable-tabby,4
vigil,1,soare-linty-cavas-vigil,4
sepia,1,soare-steak-sepia,3
notch,1,soare-bludy-tonic-notch,4
lathe,1,soare-gault-airth-lathe,4
trite,1,soare-price-bundt-tawai-trite,5
shape,1,soare-thilk-damps-shape,4
godly,1,soare-bludy-galed-godly,4
spicy,1,soare-flint-spiky-spicy,4
merit,1,soare-cider-remit-merit,4
frill,1,soare-briny-flack-frill,4
alley,1,soare-clean-alley,3
truck,1,soare-briny-thump-truck,4
shoal,1,soare-halon-shoal,3
niece,1,soare-tuile-ginch-niece,4
hedge,1,soare-tuile-dench-hedge,4
chard,1,soare-audit-chard,3
skill,1,soare-flint-apeak-skill,4
local,1,soare-tical-favel-local,4
ovary,1,soare-ovary,2
story,1,soare-chant-dumky-story,4
crime,1,soare-price-crime,3
itchy,1,soare-linty-itchy,3
wrung,1,soare-briny-twank-wrung,4
often,1,soare-melon-often,3
finch,1,soare-linty-milch-cowps-finch,5
among,1,soare-aloft-dying-among,4
hurry,1,soare-built-chafe-hurry,4
dodge,1,soare-budge-daals-dodge,4
satin,1,soare-salty-actin-satin,4
ninny,1,soare-linty-danks-ninny,4
aback,1,soare-clink-quash-aback,4
fella,1,soare-clean-bagel-dault-fella,5
islet,1,soare-guest-belts-islet,4
pizza,1,soare-canty-apiol-pizza,4
alien,1,soare-clean-alien,3
privy,1,soare-briny-gramp-privy,4
hover,1,soare-vower-charm-hover,4
known,1,soare-biont-clown-known,4
belch,1,soare-inlet-belch,3
borne,1,soare-burgh-borne,3
bitty,1,soare-linty-fated-bawks-bitty,5
graze,1,soare-gitch-adapt-avize-graze,5
older,1,soare-older,2
syrup,1,soare-shtup-syrup,3
sushi,1,soare-flint-sushi,3
sharp,1,soare-thack-amped-sharp,4
glint,1,soare-linty-unlit-fadge-glint,5
jewel,1,soare-inlet-bezil-javel-jewel,5
alike,1,soare-gault-evoke-alike,4
plant,1,soare-clink-bated-plant,4
pupil,1,soare-linty-child-pupil,4
hoist,1,soare-buist-fehme-hoist,4
twice,1,soare-tuile-acing-twice,4
bacon,1,soare-aloft-bacon,3
slime,1,soare-cline-amide-slime,4
macho,1,soare-aloft-bacon-mache-macho,5
retch,1,soare-cider-retch,3
flask,1,soare-clash-bafts-flask,4
ninth,1,soare-linty-ninth,3
bagel,1,soare-clean-bagel,3
scaly,1,soare-thilk-yclad-scaly,4
clack,1,soare-clink-clack,3
banal,1,soare-canty-milia-banal,4
vista,1,soare-pasty-vista,3
abbot,1,soare-aloft-abbot,3
axion,1,soare-aloft-axion,3
vapor,1,soare-manor-valor-vapor,4
dowry,1,soare-crudy-dowry,3
shuck,1,soare-flint-shack-shuck,4
heady,1,soare-letch-deave-heady,4
flesh,1,soare-guest-blahs-flesh,4
stuck,1,soare-flint-acidy-stuck,4
homer,1,soare-vower-gryke-birch-homer,5
plume,1,soare-tuile-fremd-plume,4
quote,1,soare-clonk-biddy-quote,4
purge,1,soare-price-agger-purge,4
junto,1,soare-biont-junto,3
taken,1,soare-clean-withe-taken,4
flung,1,soare-linty-flack-flung,4
pesto,1,soare-onset-pesto,3
girth,1,soare-briny-girth,3
depth,1,soare-inlet-hefty-taped-depth,5
balmy,1,soare-canty-godly-balmy,4
boost,1,soare-buist-boost,3
rebel,1,soare-cider-great-anvil-bapus-rebel,6
navel,1,soare-clean-pangs-navel,4
aphid,1,soare-canty-apiol-aphid,4
blitz,1,soare-linty-blitz,3
throb,1,soare-crout-ablow-throb,4
slash,1,soare-thilk-slash,3
drain,1,soare-train-badge-drain,4
login,1,soare-bludy-login,3
smirk,1,soare-thilk-smirk,3
scone,1,soare-stank-achar-scone,4
shunt,1,soare-flint-ethal-shunt,4
brass,1,soare-bachs-brass,3
dopey,1,soare-manly-coped-dopey,4
begat,1,soare-clean-begat,3
there,1,soare-thegn-there,3
plaza,1,soare-clink-palms-plaza,4
float,1,soare-aloft-float,3
small,1,soare-thilk-yclad-small,4
apnea,1,soare-clean-apnea,3
heath,1,soare-letch-hadal-heath,4
blame,1,soare-alive-blimp-blame,4
rival,1,soare-rainy-rival,3
dance,1,soare-gault-chivy-dance,4
pinky,1,soare-linty-danks-kalpa-pinky,5
lanky,1,soare-canty-maund-lanky,4
miser,1,soare-risen-macaw-miser,4
human,1,soare-canty-align-human,4
totem,1,soare-manly-comet-totem,4
essay,1,soare-ashen-essay,3
sauna,1,soare-salty-sauna,3
forty,1,soare-north-forty,3
titan,1,soare-canty-titan,3
shush,1,soare-flint-shack-shush,4
skier,1,soare-wiper-skier,3
stake,1,soare-thilk-akita-stake,4
tatty,1,soare-canty-bafts-talpa-tatty,5
salsa,1,soare-salty-dorsa-salsa,4
froze,1,soare-piend-trave-backs-froze,5
logic,1,soare-bludy-login-logic,4
study,1,soare-flint-acidy-study,4
suite,1,soare-cline-empts-suite,4
false,1,soare-basti-clump-false,4
medic,1,soare-inlet-edify-medic,4
fungi,1,soare-linty-fungi,3
began,1,soare-clean-bavin-began,4
harry,1,soare-hairy-harry,3
nasty,1,soare-pasty-tanhs-nasty,4
drink,1,soare-briny-dight-drink,4
alert,1,soare-alert,2
speed,1,soare-spelt-acned-speed,4
exalt,1,soare-letch-exalt,3
whole,1,soare-clonk-whole,3
jazzy,1,soare-canty-godly-hamza-jazzy,5
dully,1,soare-linty-badly-dully,4
mambo,1,soare-aloft-bacon-mambo,4
stint,1,soare-flint-stint,3
arrow,1,soare-manor-arrow,3
ozone,1,soare-clonk-pheon-ozone,4
until,1,soare-linty-unlit-until,4
metal,1,soare-clean-metal,3
grill,1,soare-briny-flack-dagga-grill,5
three,1,soare-price-nervy-three,4
stool,1,soare-chout-bloop-stool,4
trope,1,soare-piend-gaita-trope,4
serve,1,soare-cupel-serve,3
scoop,1,soare-chout-acold-proof-scoop,5
decal,1,soare-clean-decal,3
amply,1,soare-canty-ample-amply,4
bully,1,soare-linty-badly-bully,4
chose,1,soare-chode-chose,3
eaten,1,soare-clean-withe-eaten,4
blond,1,soare-biont-blond,3
short,1,soare-chant-short,3
towel,1,soare-manly-hawed-bafts-towel,5
bowel,1,soare-manly-hawed-bafts-bowel,5
smear,1,soare-aheap-amowt-smear,4
chaos,1,soare-chaos,2
fudge,1,soare-tuile-fudge,3
matey,1,soare-clean-matey,3
might,1,soare-linty-dight-fatwa-tagma-might,6
epoxy,1,soare-melon-epoch-epoxy,4
caper,1,soare-later-grype-parch-caper,5
risen,1,soare-risen,2
slave,1,soare-thilk-slave,3
plaid,1,soare-clink-pedal-plaid,4
snoop,1,soare-chout-apiol-awarn-snoop,5
spilt,1,soare-flint-ataps-spilt,4
dried,1,soare-cider-defat-dried,4
marsh,1,soare-marsh,2
guide,1,soare-tuile-gaddi-guide,4
pupal,1,soare-canty-apiol-pupal,4
slice,1,soare-cline-slice,3
fatty,1,soare-canty-bafts-fatty,4
clock,1,soare-biont-flock-clock,4
staff,1,soare-thilk-stand-flimp-staff,5
fight,1,soare-linty-dight-fatwa-fight,5
midst,1,soare-mushy-midst,3
month,1,soare-bludy-tonic-month,4
after,1,soare-later-after,3
allay,1,soare-canty-ample-allay,4
roger,1,soare-vower-gryke-roger,4
triad,1,soare-rainy-taber-abled-triad,5
shrub,1,soare-shtup-befog-shrub,4
guppy,1,soare-linty-dumpy-pagan-guppy,5
prone,1,soare-piend-prone,3
choke,1,soare-clonk-choke,3
widow,1,soare-biont-kapow-widow,4
scare,1,soare-chant-scare,3
grain,1,soare-train-badge-grain,4
moose,1,soare-pious-gamin-moose,4
genie,1,soare-tuile-ginch-genie,4
shall,1,soare-thilk-shall,3
squad,1,soare-salty-scuba-squad,4
charm,1,soare-audit-calif-charm,4
snort,1,soare-chant-snort,3
ember,1,soare-cider-letup-fremd-ember,5
twine,1,soare-tuile-acing-twine,4
cater,1,soare-later-chews-cater,4
clear,1,soare-later-clear,3
lusty,1,soare-mushy-dalts-lusty,4
dally,1,soare-canty-godly-aalii-dally,5
woven,1,soare-manly-waked-woven,4
gripe,1,soare-price-gaita-gripe,4
usual,1,soare-pasty-alums-usual,4
spark,1,soare-thack-spark,3
tiger,1,soare-cider-favel-tamps-tiger,5
prize,1,soare-price-adoze-prize,4
junta,1,soare-canty-junta,3
tribe,1,soare-price-bundt-tribe,4
ramen,1,soare-later-ramen,3
prawn,1,soare-train-biped-prawn,4
money,1,soare-manly-money,3
pouch,1,soare-bludy-match-calpa-pouch,5
clone,1,soare-clonk-clone,3
limbo,1,soare-biont-limbo,3
daunt,1,soare-canty-daunt,3
fugue,1,soare-tuile-fudge-fugue,4
slimy,1,soare-flint-amuck-slimy,4
diver,1,soare-cider-anvil-diver,4
heave,1,soare-alive-kench-heave,4
wreak,1,soare-later-break-cafes-wreak,5
relay,1,soare-later-regal-ataxy-relay,5
train,1,soare-train,2
hutch,1,soare-linty-butch-hadal-hutch,5
dizzy,1,soare-linty-pized-dizzy,4
caddy,1,soare-canty-labda-caddy,4
talon,1,soare-aloft-octal-talon,4
faint,1,soare-canty-daunt-taffy-faint,5
audio,1,soare-aloft-axion-audio,4
field,1,soare-inlet-field,3
liege,1,soare-tuile-bilge-liege,4
glove,1,soare-clonk-gambe-glove,4
brute,1,soare-price-brute,3
swish,1,soare-flint-spiky-swish,4
favor,1,soare-manor-valor-favor,4
woken,1,soare-manly-waked-woken,4
saner,1,soare-aheap-confs-saner,4
kiosk,1,soare-glost-kiosk,3
gypsy,1,soare-mushy-giant-gypsy,4
chunk,1,soare-linty-chunk,3
frank,1,soare-train-drack-flaps-frank,5
drool,1,soare-crout-blown-ablow-drool,5
koala,1,soare-calmy-laith-koala,4
swill,1,soare-flint-apeak-swill,4
jiffy,1,soare-linty-pized-jiffy,4
spiel,1,soare-spelt-spiel,3
micro,1,soare-hyoid-incut-micro,4
chasm,1,soare-clash-chasm,3
chime,1,soare-tuile-chank-amide-chime,5
admin,1,soare-canty-align-admin,4
vomit,1,soare-bludy-tonic-metif-vomit,5
waive,1,soare-gault-chivy-navew-waive,5
slope,1,soare-stank-aleph-slope,4
lover,1,soare-vower-charm-raile-lover,5
sally,1,soare-salty-sally,3
acute,1,soare-gault-acute,3
count,1,soare-bludy-match-count,4
cello,1,soare-melon-cahow-cello,4
baker,1,soare-later-grype-waker-balms-baker,6
gruel,1,soare-cider-great-gruel,4
drier,1,soare-cider-drill-drier,4
swoon,1,soare-chout-apiol-swoon,4
anger,1,soare-later-bidon-anger,4
rabid,1,soare-rainy-cebid-rabid,4
daily,1,soare-canty-godly-aalii-daily,5
acorn,1,soare-acorn,2
bench,1,soare-inlet-bench,3
click,1,soare-linty-child-flack-click,5
blaze,1,soare-alive-blimp-adoze-blaze,5
print,1,soare-briny-dight-print,4
eagle,1,soare-gault-eagle,3
refit,1,soare-cider-remit-refit,4
guess,1,soare-guest-guess,3
bulge,1,soare-tuile-balun-bulge,4
pride,1,soare-price-adoze-pride,4
radio,1,soare-manor-ridic-radio,4
track,1,soare-train-mulct-track,4
unlit,1,soare-linty-unlit,3
fluid,1,soare-linty-child-fluid,4
aroma,1,soare-manor-aroma,3
patch,1,soare-canty-bitch-lymph-patch,5
sonar,1,soare-anlas-sonar,3
speck,1,soare-spelt-acned-speck,4
savor,1,soare-savor,2
chill,1,soare-linty-child-aalii-chill,5
teeth,1,soare-inlet-hefty-taped-teeth,5
stove,1,soare-stank-alive-stove,4
amend,1,soare-clean-amend,3
wedge,1,soare-tuile-dench-wedge,4
swoop,1,soare-chout-apiol-awarn-swoop,5
venom,1,soare-melon-venom,3
parka,1,soare-rainy-cheka-parka,4
blend,1,soare-inlet-blend,3
aloud,1,soare-aloft-duing-aloud,4
mogul,1,soare-bludy-mogul,3
rearm,1,soare-handy-ramal-rearm,4
dingy,1,soare-linty-danks-dingy,4
cliff,1,soare-linty-child-flack-cliff,5
curse,1,soare-vertu-capon-curse,4
inept,1,soare-inlet-inept,3
shawl,1,soare-thilk-shawl,3
trust,1,soare-brust-tacan-trust,4
rehab,1,soare-later-break-rehab,4
sigma,1,soare-salty-scuba-sigma,4
pinto,1,soare-biont-pinto,3
nylon,1,soare-biont-nylon,3
goofy,1,soare-bludy-goofs-goofy,4
overt,1,soare-metro-overt,3
youth,1,soare-bludy-thang-youth,4
chafe,1,soare-alive-peach-chafe,4
strap,1,soare-strap,2
alive,1,soare-gault-evoke-alive,4
brawn,1,soare-train-biped-brawn,4
lapel,1,soare-clean-bagel-haply-lapel,5
again,1,soare-clink-again,3
rouge,1,soare-burgh-rouge,3
queen,1,soare-inlet-query-queen,4
incur,1,soare-briny-incur,3
stand,1,soare-thilk-stand,3
singe,1,soare-cline-singe,3
fiend,1,soare-inlet-being-fiend,4
smoky,1,soare-chout-apiol-knawe-smoky,5
beset,1,soare-guest-belts-beset,4
input,1,soare-linty-thing-input,4
chord,1,soare-hyoid-chord,3
fable,1,soare-gault-labda-cafes-fable,5
basic,1,soare-pasty-basil-acnes-basic,5
weedy,1,soare-inlet-beady-weedy,4
blare,1,soare-blaff-blare,3
gaunt,1,soare-canty-daunt-tavah-gadje-gaunt,6
manly,1,soare-canty-maund-agila-manly,5
bluff,1,soare-linty-clump-fabby-bluff,5
white,1,soare-tuile-white,3
array,1,soare-rainy-array,3
catty,1,soare-canty-catty,3
spike,1,soare-cline-empts-spike,4
torus,1,soare-worst-torus,3
diary,1,soare-audit-diary,3
growl,1,soare-crout-blown-galop-growl,5
freak,1,soare-later-break-cafes-freak,5
harpy,1,soare-rainy-depth-harpy,4
satyr,1,soare-strap-satyr,3
sadly,1,soare-salty-sadly,3
grout,1,soare-crout-taggy-grout,4
nosey,1,soare-napes-nosey,3
stamp,1,soare-thilk-stand-flimp-stamp,5
given,1,soare-inlet-given,3
birth,1,soare-briny-aceta-birth,4
stray,1,soare-strap-alway-stray,4
penal,1,soare-clean-penal,3
mount,1,soare-bludy-match-mount,4
usage,1,soare-chase-usage,3
stage,1,soare-thilk-agate-stage,4
mason,1,soare-mason,2
worst,1,soare-worst,2
radii,1,soare-rainy-cebid-radii,4
toxic,1,soare-bludy-tonic-capex-toxic,5
fetus,1,soare-guest-fetus,3
haute,1,soare-gault-haute,3
drama,1,soare-train-crawl-gaudy-drama,5
lemur,1,soare-cider-fable-lemur,4
skulk,1,soare-flint-hulky-alack-skulk,5
glide,1,soare-tuile-egads-glide,4
verso,1,soare-verso,2
scalp,1,soare-thilk-yclad-scalp,4
welsh,1,soare-guest-welsh,3
outdo,1,soare-biont-adage-outdo,4
royal,1,soare-moral-royal,3
sugar,1,soare-strap-sugar,3
rivet,1,soare-cider-input-rivet,4
swirl,1,soare-thilk-swirl,3
taste,1,soare-basti-chapt-tawai-taste,5
mucus,1,soare-mushy-mucus,3
stunk,1,soare-flint-aking-stunk,4
groin,1,soare-crout-blown-groin,4
flack,1,soare-clink-baffs-flack,4
coyly,1,soare-bludy-hotly-wilco-coyly,5
crazy,1,soare-train-crawl-amuck-crazy,5
blush,1,soare-mushy-baffs-blush,4
pique,1,soare-tuile-imbar-pique,4
brunt,1,soare-briny-brunt,3
flame,1,soare-alive-blimp-flame,4
copse,1,soare-pious-copse,3
bleep,1,soare-inlet-bezil-amped-bleep,5
hoard,1,soare-bacha-hoard,3
cabal,1,soare-canty-bubal-cabal,4
slosh,1,soare-chout-slosh,3
gawky,1,soare-canty-godly-gawky,4
beech,1,soare-inlet-beady-beech,4
brood,1,soare-crout-blown-miked-brood,5
freed,1,soare-cider-befog-freed,4
vying,1,soare-linty-daven-vying,4
lower,1,soare-vower-clamp-lower,4
inter,1,soare-cider-flint-inter,4
grief,1,soare-cider-badge-grief,4
basin,1,soare-pasty-basil-acnes-basin,5
happy,1,soare-canty-godly-hamza-happy,5
swore,1,soare-chant-pwned-swore,4
angle,1,soare-gault-anigh-angle,4
urine,1,soare-price-bundt-urine,4
fluke,1,soare-tuile-fremd-fluke,4
sulky,1,soare-flint-hulky-sulky,4
quasi,1,soare-clash-quais-quasi,4
rumor,1,soare-crout-farms-rache-rumor,5
flora,1,soare-acorn-flora,3
tacit,1,soare-canty-bitch-tacit,4
plait,1,soare-clink-pedal-plait,4
bushy,1,soare-mushy-bapus-bushy,4
ditty,1,soare-linty-fated-ditty,4
ghost,1,soare-glost-ghost,3
curio,1,soare-crout-curio,3
blink,1,soare-linty-black-blink,4
bigot,1,soare-biont-bigot,3
vivid,1,soare-linty-caved-vivid,4
gnome,1,soare-clonk-gnome,3
peace,1,soare-alive-peach-peace,4
testy,1,soare-guest-tazza-testy,4
grave,1,soare-gitch-adapt-avize-grave,5
couch,1,soare-bludy-match-calpa-couch,5
wrack,1,soare-train-crawl-wrack,4
myrrh,1,soare-built-myrrh,3
timid,1,soare-linty-dight-timid,4
badge,1,soare-gault-banda-badge,4
spoof,1,soare-chout-apiol-flank-spoof,5
spool,1,soare-chout-apiol-spool,4
steer,1,soare-wiper-uneth-steer,4
proud,1,soare-crout-gaped-proud,4
wacky,1,soare-canty-wacky,3
stiff,1,soare-flint-stiff,3
ensue,1,soare-guest-isnae-ensue,4
puppy,1,soare-linty-dumpy-pagan-puppy,5
pixie,1,soare-tuile-ginch-pixie,4
basil,1,soare-pasty-basil,3
madam,1,soare-canty-milpa-madam,4
allow,1,soare-aloft-alway-allow,4
llama,1,soare-clink-palms-llama,4
angry,1,soare-hairy-angry,3
filet,1,soare-inlet-filet,3
nadir,1,soare-rainy-nadir,3
ovoid,1,soare-biont-ovoid,3
thump,1,soare-linty-butch-thump,4
scrap,1,soare-strap-scrap,3
apple,1,soare-gault-amped-apple,4
cavil,1,soare-canty-bubal-cavil,4
those,1,soare-chode-tawai-those,4
ninja,1,soare-canty-final-ninja,4
voila,1,soare-tical-voila,3
banjo,1,soare-aloft-bacon-banjo,4
gully,1,soare-linty-badly-fadge-gully,5
idiom,1,soare-biont-odium-idiom,4
teach,1,soare-letch-teach,3
ovine,1,soare-clonk-spivs-ovine,4
swath,1,soare-thilk-ewest-swath,4
smash,1,soare-thilk-amowt-smash,4
tract,1,soare-train-mulct-tract,4
topic,1,soare-bludy-tonic-capex-topic,5
lurch,1,soare-briny-luach-lurch,4
prowl,1,soare-crout-blown-galop-prowl,5
comma,1,soare-tical-comma,3
mayor,1,soare-manor-enjoy-mayor,4
sixth,1,soare-flint-bothy-sixth,4
noose,1,soare-pious-gamin-noose,4
raspy,1,soare-marsh-raspy,3
slack,1,soare-thilk-slack,3
rider,1,soare-cider-rawin-rider,4
craze,1,soare-gitch-avant-craze,4
color,1,soare-north-rocky-color,4
stoke,1,soare-stank-stoke,3
roast,1,soare-roast,2
filer,1,soare-cider-favel-filer,4
gaily,1,soare-canty-godly-aiyee-gaily,5
ferry,1,soare-certy-bumfs-ferry,4
ralph,1,soare-rainy-pujah-ralph,4
valet,1,soare-clean-bagel-valet,4
piece,1,soare-tuile-ginch-piece,4
fruit,1,soare-briny-defat-fruit,4
aping,1,soare-canty-align-agape-aping,5
fiber,1,soare-cider-favel-boxen-fiber,5
bathe,1,soare-gault-bathe,3
fatal,1,soare-canty-fault-fatal,4
match,1,soare-canty-bitch-lymph-match,5
abate,1,soare-alive-agate-abate,4
pasta,1,soare-pasty-pasta,3
sever,1,soare-wiper-uneth-sever,4
scope,1,soare-stank-aleph-scope,4
fairy,1,soare-hairy-daffs-fairy,4
treat,1,soare-later-godet-treat,4
score,1,soare-chant-score,3
mummy,1,soare-linty-dumpy-madge-mummy,5
masse,1,soare-basti-masse,3
trail,1,soare-train-ablet-trail,4
trait,1,soare-train-ablet-trait,4
block,1,soare-biont-carom-block,4
carry,1,soare-hairy-campi-carry,4
repay,1,soare-later-break-copay-repay,5
truce,1,soare-price-truce,3
order,1,soare-older-adore-order,4
taunt,1,soare-canty-daunt-tavah-taunt,5
juice,1,soare-tuile-gaddi-juice,4
pasty,1,soare-pasty,2
young,1,soare-bludy-thang-young,4
leggy,1,soare-inlet-elegy-leggy,4
close,1,soare-chode-close,3
glory,1,soare-hyoid-glory,3
feast,1,soare-fluyt-feast,3
mourn,1,soare-crudy-mourn,3
surge,1,soare-cupel-surge,3
stork,1,soare-chant-dumky-stork,4
brand,1,soare-train-drack-badge-brand,5
axiom,1,soare-aloft-axion-axiom,4
gloss,1,soare-glost-gloss,3
payer,1,soare-later-grype-payer,4
shalt,1,soare-thilk-shalt,3
affix,1,soare-canty-apiol-affix,4
chain,1,soare-clink-chain,3
sunny,1,soare-flint-spunk-sunny,4
pixel,1,soare-inlet-pibal-pixel,4
slate,1,soare-thilk-slate,3
serum,1,soare-wiper-serum,3
afoul,1,soare-aloft-afoul,3
olden,1,soare-melon-olden,3
unwed,1,soare-inlet-unfed-unwed,4
regal,1,soare-later-regal,3
shard,1,soare-thack-amped-shard,4
speak,1,soare-steak-apian-speak,4
salve,1,soare-acute-salve,3
safer,1,soare-aheap-confs-safer,4
angel,1,soare-clean-pangs-angel,4
burnt,1,soare-briny-burnt,3
align,1,soare-canty-align,3
label,1,soare-clean-bagel-label,4
penny,1,soare-inlet-bench-penny,4
bloke,1,soare-clonk-bloke,3
whoop,1,soare-biont-flock-whoop,4
cairn,1,soare-hairy-cairn,3
shift,1,soare-flint-awash-shift,4
mango,1,soare-aloft-bacon-mango,4
irony,1,soare-crout-blown-figgy-irony,5
burly,1,soare-briny-burly,3
piety,1,soare-inlet-tepid-piety,4
mamma,1,soare-canty-milpa-agmas-mamma,5
dryer,1,soare-cider-fetor-dryer,4
blast,1,soare-clash-bafts-blast,4
winch,1,soare-linty-milch-cowps-winch,5
hatch,1,soare-canty-bitch-lymph-halwa-hatch,6
larva,1,soare-rainy-cheka-larva,4
scary,1,soare-thack-arefy-scary,4
tripe,1,soare-price-gaita-tripe,4
aider,1,soare-later-bidon-aider,4
tweed,1,soare-inlet-tweed,3
spill,1,soare-flint-apeak-spill,4
sleek,1,soare-spelt-sleek,3
brisk,1,soare-brust-brisk,3
brush,1,soare-brust-brush,3
geese,1,soare-guest-geese,3
snail,1,soare-thilk-algin-snail,4
hippy,1,soare-linty-pized-hemps-hippy,5
shame,1,soare-thilk-damps-shame,4
dwell,1,soare-inlet-elegy-whelp-dwell,5
vague,1,soare-gault-vague,3
wince,1,soare-tuile-ginch-macaw-wince,5
north,1,soare-north,2
eerie,1,soare-price-dirge-eerie,4
chock,1,soare-biont-flock-chock,4
mauve,1,soare-gault-mauve,3
hymen,1,soare-inlet-query-hymen,4
wagon,1,soare-aloft-bacon-wagon,4
bland,1,soare-clink-bated-bland,4
phase,1,soare-chase-phase,3
knave,1,soare-alive-kench-knave,4
flush,1,soare-mushy-baffs-flush,4
chief,1,soare-inlet-bicep-chief,4
thing,1,soare-linty-thing,3
motor,1,soare-north-mater-motor,4
binge,1,soare-tuile-ginch-binge,4
plead,1,soare-clean-bepat-plead,4
wryly,1,soare-briny-daynt-wryly,4
poise,1,soare-pious-poise,3
scorn,1,soare-chant-scorn,3
sound,1,soare-gouty-sound,3
broom,1,soare-crout-blown-miked-broom,5
tough,1,soare-bludy-match-tough,4
boney,1,soare-manly-bacha-boney,4
witch,1,soare-linty-dight-pshaw-witch,5
iliac,1,soare-canty-ailed-iliac,4
fried,1,soare-cider-defat-fried,4
drake,1,soare-gitch-dumka-drake,4
silky,1,soare-flint-akela-silky,4
foist,1,soare-buist-fehme-foist,4
thumb,1,soare-linty-butch-thumb,4
spent,1,soare-spelt-spent,3
tardy,1,soare-rainy-depth-tardy,4
chart,1,soare-audit-chart,3
renew,1,soare-cider-great-anvil-renew,5
press,1,soare-risen-chats-damps-press,5
cacao,1,soare-aloft-bacon-mache-cacao,5
opium,1,soare-biont-odium-opium,4
latte,1,soare-gault-airth-latte,4
dream,1,soare-later-break-datum-dream,5
cabin,1,soare-canty-cabin,3
inlet,1,soare-inlet,2
argue,1,soare-barge-argue,3
inbox,1,soare-biont-inbox,3
wrist,1,soare-brust-twiny-wrist,4
stain,1,soare-thilk-aband-stain,4
could,1,soare-bludy-cahow-could,4
dirty,1,soare-briny-dalts-dirty,4
gross,1,soare-crost-dagga-gross,4
stole,1,soare-stank-alive-stole,4
bravo,1,soare-bravo,2
lurid,1,soare-briny-girth-lurid,4
pubic,1,soare-linty-quich-calpa-pubic,5
snowy,1,soare-chout-apiol-knawe-snowy,5
uncle,1,soare-tuile-uncle,3
adobe,1,soare-abode-adobe,3
today,1,soare-tical-dopey-today,4
bread,1,soare-later-break-bread,4
berry,1,soare-certy-bumfs-berry,4
award,1,soare-audit-award,3
horse,1,soare-hurds-horse,3
otter,1,soare-older-futon-otter,4
gauze,1,soare-gault-azygy-gauze,4
delay,1,soare-clean-metal-delay,4
ready,1,soare-daych-ready,3
edict,1,soare-inlet-edict,3
bloom,1,soare-biont-carom-bloom,4
dingo,1,soare-biont-daals-dingo,4
cheer,1,soare-cider-bhels-cheer,4
lunge,1,soare-tuile-balun-lunge,4
mealy,1,soare-letch-mealy,3
delta,1,soare-clean-bagel-dault-delta,5
duvet,1,soare-inlet-duvet,3
cynic,1,soare-linty-cynic,3
slink,1,soare-flint-aking-slink,4
covey,1,soare-manly-coped-covey,4
pitch,1,soare-linty-dight-pshaw-pitch,5
scout,1,soare-chout-scout,3
bossy,1,soare-buist-bossy,3
leaky,1,soare-letch-faiks-leaky,4
salty,1,soare-salty,2
gonad,1,soare-tical-named-gonad,4
theft,1,soare-inlet-theca-theft,4
stout,1,soare-chout-inapt-stout,4
reedy,1,soare-cider-nerdy-reedy,4
condo,1,soare-bludy-condo,3
surly,1,soare-shtup-surly,3
assay,1,soare-pasty-assay,3
psalm,1,soare-clash-psalm,3
swift,1,soare-flint-awash-swift,4
sport,1,soare-chant-sport,3
hinge,1,soare-tuile-ginch-hinge,4
ulcer,1,soare-cider-ulcer,3
shire,1,soare-aheap-shire,3
blade,1,soare-alive-blimp-adoze-blade,5
start,1,soare-thack-atimy-start,4
layer,1,soare-later-aggry-layer,4
lance,1,soare-gault-halva-lance,4
spoil,1,soare-chout-apiol-spoil,4
brawl,1,soare-train-crawl-baaed-brawl,5
flute,1,soare-tuile-flute,3
ratio,1,soare-manor-ridic-ratio,4
climb,1,soare-linty-child-flack-climb,5
canny,1,soare-canty-aband-canny,4
piggy,1,soare-linty-pized-gecko-piggy,5
guest,1,soare-guest,2
crave,1,soare-gitch-avant-crave,4
staid,1,soare-thilk-aband-staid,4
fling,1,soare-linty-black-fling,4
stunt,1,soare-flint-ethal-stunt,4
reuse,1,soare-vertu-reuse,3
plump,1,soare-linty-clump-plump,4
tower,1,soare-vower-clamp-rabat-tower,5
nurse,1,soare-vertu-capon-nurse,4
crate,1,soare-gitch-crate,3
fresh,1,soare-risen-chats-fresh,4
grunt,1,soare-briny-twank-grunt,4
glass,1,soare-clash-bafts-glass,4
joust,1,soare-buist-joust,3
debut,1,soare-inlet-theca-debut,4
wrath,1,soare-train-chaft-wrath,4
caste,1,soare-basti-chapt-caste,4
nymph,1,soare-linty-nymph,3
rainy,1,soare-rainy,2
image,1,soare-alive-among-image,4
donut,1,soare-bludy-donut,3
pecan,1,soare-clean-pecan,3
ahead,1,soare-clean-wheat-ahead,4
liner,1,soare-cider-favel-liner,4
total,1,soare-tical-actin-total,4
lodge,1,soare-budge-daals-lodge,4
pence,1,soare-tuile-dench-flaps-pence,5
ovate,1,soare-ovate,2
sassy,1,soare-salty-cuspy-sassy,4
party,1,soare-rainy-depth-party,4
snide,1,soare-cline-adapt-snide,4
wager,1,soare-later-grype-elbow-wager,5
clerk,1,soare-certy-clerk,3
cedar,1,soare-later-rabid-cedar,4
ranch,1,soare-rainy-ranch,3
ladle,1,soare-gault-labda-ladle,4
fanny,1,soare-canty-maund-naffs-fanny,5
throw,1,soare-crout-ablow-throw,4
audit,1,soare-canty-tidal-audit,4
spade,1,soare-thilk-spuds-spade,4
death,1,soare-letch-hadal-death,4
aorta,1,soare-moral-aorta,3
molar,1,soare-moral-molar,3
burst,1,soare-brust-burst,3
upper,1,soare-cider-letup-purda-upper,5
badly,1,soare-canty-godly-balms-badly,5
biddy,1,soare-linty-pized-badge-biddy,5
faith,1,soare-canty-filch-faith,4
slide,1,soare-cline-amide-slide,4
boozy,1,soare-bludy-stobs-boozy,4
mammy,1,soare-canty-godly-hamza-mammy,5
colon,1,soare-bludy-login-colon,4
haste,1,soare-basti-chapt-haste,4
azure,1,soare-azuki-azure,3
idiot,1,soare-biont-idiot,3
flail,1,soare-clink-pedal-flail,4
wheel,1,soare-inlet-bezil-expat-wheel,5
exult,1,soare-inlet-clefs-exult,4
blown,1,soare-biont-blown,3
uncut,1,soare-linty-uncut,3
least,1,soare-fluyt-least,3
cheap,1,soare-clean-adapt-cheap,4
merge,1,soare-price-nervy-merge,4
bring,1,soare-briny-aking-bring,4
quick,1,soare-linty-quich-quick,4
dowdy,1,soare-bludy-dhows-dowdy,4
brine,1,soare-price-bundt-brine,4
splat,1,soare-salty-splat,3
moral,1,soare-moral,2
beast,1,soare-fluyt-beast,3
cable,1,soare-gault-labda-cafes-cable,5
aptly,1,soare-canty-aptly,3
taffy,1,soare-canty-fable-taffy,4
croak,1,soare-manor-baked-croak,4
flood,1,soare-biont-flock-flood,4
prune,1,soare-price-aband-prune,4
obese,1,soare-chode-obese,3
apart,1,soare-audit-apart,3
lasso,1,soare-mason-lasso,3
grove,1,soare-piend-trave-grove,4
crash,1,soare-bachs-crash,3
arson,1,soare-arson,2
thief,1,soare-inlet-thief,3
enter,1,soare-cider-letup-enter,4
whose,1,soare-chode-tawai-whose,4
debit,1,soare-inlet-edict-debit,4
munch,1,soare-linty-bumph-munch,4
tense,1,soare-guest-tense,3
crowd,1,soare-crout-snowk-crowd,4
depot,1,soare-melon-aptly-depot,4
krill,1,soare-briny-flack-krill,4
trout,1,soare-crout-taggy-trout,4
champ,1,soare-clink-flimp-champ,4
clout,1,soare-biont-cafes-clout,4
prong,1,soare-crout-blown-figgy-prong,5
nanny,1,soare-canty-maund-naffs-nanny,5
posse,1,soare-pious-posse,3
modal,1,soare-tical-lindy-modal,4
booby,1,soare-bludy-stobs-booby,4
fiery,1,soare-certy-fique-fiery,4
fetal,1,soare-clean-metal-flaps-fetal,5
rarer,1,soare-later-grype-waker-acred-rarer,6
guise,1,soare-guest-guise,3
dummy,1,soare-linty-dumpy-dummy,4
avail,1,soare-clink-quack-avail,4
tutor,1,soare-crout-motor-tutor,4
dwarf,1,soare-audit-chard-dwarf,4
cloak,1,soare-aloft-cloak,3
grate,1,soare-gitch-grate,3
drift,1,soare-briny-flack-drift,4
greet,1,soare-cider-great-greet,4
tooth,1,soare-bludy-tonic-tooth,4
skimp,1,soare-flint-spiky-skimp,4
plumb,1,soare-linty-clump-plumb,4
final,1,soare-canty-final,3
tawny,1,soare-canty-tawny,3
alibi,1,soare-canty-apiol-alibi,4
power,1,soare-vower-clamp-power,4
lupus,1,soare-mushy-lupus,3
trump,1,soare-briny-thump-trump,4
coven,1,soare-manly-waked-coven,4
stung,1,soare-flint-aking-stung,4
marry,1,soare-hairy-campi-marry,4
missy,1,soare-mushy-missy,3
villa,1,soare-canty-apiol-villa,4
spice,1,soare-cline-spice,3
ideal,1,soare-clean-ideal,3
lease,1,soare-chase-ablet-lease,4
gauge,1,soare-gault-azygy-gauge,4
mania,1,soare-canty-milia-mania,4
enact,1,soare-letch-axing-enact,4
wispy,1,soare-mushy-wispy,3
spire,1,soare-aheap-spire,3
spiky,1,soare-flint-spiky,3
chess,1,soare-guest-blahs-chess,4
natal,1,soare-canty-daunt-natal,4
envoy,1,soare-melon-jivey-envoy,4
hello,1,soare-melon-cahow-hello,4
gayer,1,soare-later-grype-gayer,4
avoid,1,soare-aloft-dying-avoid,4
savvy,1,soare-salty-cuspy-vanda-savvy,5
deuce,1,soare-tuile-vendu-deuce,4
lynch,1,soare-linty-lynch,3
watch,1,soare-canty-bitch-lymph-halwa-watch,6
noise,1,soare-pious-noise,3
quilt,1,soare-linty-built-guqin-quilt,5
fixer,1,soare-cider-favel-boxen-fixer,5
demur,1,soare-cider-demur,3
goody,1,soare-bludy-dhows-gamas-goody,5
sober,1,soare-bawds-sober,3
begin,1,soare-inlet-being-begin,4
denim,1,soare-inlet-being-denim,4
jelly,1,soare-inlet-belch-jelly,4
tread,1,soare-later-godet-tread,4
tying,1,soare-linty-tying,3
cigar,1,soare-rainy-vicar-cigar,4
daisy,1,soare-pasty-daisy,3
route,1,soare-burgh-route,3
moldy,1,soare-bludy-moldy,3
smile,1,soare-cline-smile,3
edify,1,soare-inlet-edify,3
turbo,1,soare-crout-motor-turbo,4
canon,1,soare-aloft-bacon-canon,4
funky,1,soare-linty-flank-funky,4
onion,1,soare-biont-oakum-onion,4
pilot,1,soare-biont-alvar-pilot,4
whale,1,soare-alive-whale,3
folly,1,soare-bludy-hotly-wilco-fadge-folly,6
bloat,1,soare-aloft-badge-bloat,4
rally,1,soare-rainy-aptly-rally,4
dwelt,1,soare-inlet-clefs-dwelt,4
draft,1,soare-train-chaft-dagga-draft,5
clamp,1,soare-clink-clamp,3
arena,1,soare-later-break-arena,4
gloom,1,soare-biont-flock-gloom,4
photo,1,soare-biont-cloth-photo,4
slurp,1,soare-thilk-slurp,3
clink,1,soare-linty-black-clink,4
taker,1,soare-later-kemps-taker,4
dilly,1,soare-linty-dolma-dilly,4
filly,1,soare-linty-dolma-fowth-filly,5
belly,1,soare-inlet-belch-belly,4
ditto,1,soare-biont-ditto,3
inane,1,soare-alive-among-inane,4
pried,1,soare-cider-defat-pried,4
think,1,soare-linty-thing-think,4
eking,1,soare-inlet-being-byked-eking,5
droop,1,soare-crout-blown-pagod-droop,5
preen,1,soare-cider-great-preen,4
ester,1,soare-risen-erhus-ester,4
video,1,soare-melon-epoch-video,4
bongo,1,soare-bludy-gotch-bongo,4
sneak,1,soare-steak-apian-sneak,4
fully,1,soare-linty-badly-fadge-fully,5
maker,1,soare-later-grype-waker-balms-maker,6
unity,1,soare-linty-unity,3
drunk,1,soare-briny-twank-drunk,4
threw,1,soare-cider-great-threw,4
pushy,1,soare-mushy-bapus-pushy,4
range,1,soare-barge-range,3
druid,1,soare-briny-defat-druid,4
ethos,1,soare-onset-ethos,3
caput,1,soare-canty-butch-caput,4
while,1,soare-tuile-whale-while,4
fuzzy,1,soare-linty-dumpy-agaze-fuzzy,5
unmet,1,soare-inlet-unmet,3
debar,1,soare-later-rabid-debar,4
joker,1,soare-vower-gryke-jaaps-joker,5
thyme,1,soare-tuile-chyme-thyme,4
cramp,1,soare-train-crawl-amuck-cramp,5
frown,1,soare-crout-blown-defog-frown,5
freer,1,soare-cider-letup-fremd-freer,5
grasp,1,soare-bachs-grasp,3
abyss,1,soare-pasty-abyss,3
flare,1,soare-blaff-flare,3
steel,1,soare-spelt-steel,3
thigh,1,soare-linty-thack-thigh,4
hyper,1,soare-cider-letup-hyper,4
beget,1,soare-inlet-duvet-begat-beget,5
deign,1,soare-inlet-being-foehn-deign,5
strip,1,soare-shtup-strip,3
gland,1,soare-clink-bated-gland,4
sheik,1,soare-spelt-sheik,3
nasal,1,soare-pasty-basil-nasal,4
adopt,1,soare-aloft-about-adopt,4
helix,1,soare-inlet-helix,3
riser,1,soare-risen-riser,3
buyer,1,soare-cider-letup-beefy-buyer,5
alter,1,soare-later-alter,3
meant,1,soare-letch-atony-meant,4
grant,1,soare-train-grant,3
ought,1,soare-biont-ought,3
dutch,1,soare-linty-butch-hadal-dutch,5
clung,1,soare-linty-flack-clung,4
bride,1,soare-price-bundt-bride,4
civil,1,soare-linty-cavas-civil,4
manic,1,soare-canty-mapau-manic,4
aglow,1,soare-aloft-aglow,3
giddy,1,soare-linty-pized-badge-giddy,5
ratty,1,soare-rainy-aptly-ratty,4
tapir,1,soare-rainy-tapir,3
toxin,1,soare-bludy-tonic-toxin,4
gamut,1,soare-canty-fault-gamut,4
elbow,1,soare-melon-elbow,3
slung,1,soare-flint-aking-slung,4
sonic,1,soare-gouty-acned-sonic,4
furor,1,soare-crout-farms-furor,4
elder,1,soare-cider-under-elder,4
under,1,soare-cider-under,3
patty,1,soare-canty-bafts-talpa-patty,5
shock,1,soare-chout-shock,3
budge,1,soare-tuile-fudge-bajan-budge,5
halve,1,soare-gault-halva-halve,4
donor,1,soare-north-round-donor,4
glade,1,soare-alive-blimp-gated-glade,5
outer,1,soare-older-futon-outer,4
tulle,1,soare-tuile-tulle,3
afoot,1,soare-aloft-afoot,3
ethic,1,soare-inlet-tepid-ethic,4
plush,1,soare-mushy-baffs-plush,4
crank,1,soare-train-drack-crank,4
pansy,1,soare-pasty-anlas-pansy,4
price,1,soare-price,2
prude,1,soare-price-aband-prude,4
easel,1,soare-ashen-easel,3
forge,1,soare-burgh-gaffe-forge,4
curvy,1,soare-briny-cardi-alive-curvy,5
habit,1,soare-canty-fault-habit,4
slunk,1,soare-flint-aking-slunk,4
shout,1,soare-chout-shout,3
thrum,1,soare-briny-luach-thrum,4
trove,1,soare-piend-trave-trove,4
brown,1,soare-crout-blown-brown,4
exile,1,soare-tuile-whale-exile,4
mower,1,soare-vower-clamp-mower,4
exact,1,soare-letch-axing-exact,4
amaze,1,soare-alive-agate-amaze,4
march,1,soare-rainy-cheka-march,4
stump,1,soare-flint-acidy-stump,4
salad,1,soare-salty-dorsa-salad,4
musky,1,soare-mushy-akita-musky,4
vodka,1,soare-tical-dogma-vodka,4
stash,1,soare-thilk-ewest-stash,4
neigh,1,soare-inlet-being-foehn-neigh,5
froth,1,soare-crout-filth-froth,4
buggy,1,soare-linty-dumpy-agaze-buggy,5
cream,1,soare-later-break-datum-cream,5
odder,1,soare-older-adore-odder,4
prove,1,soare-piend-above-prove,4
utile,1,soare-tuile-utile,3
relic,1,soare-cider-relic,3
oxide,1,soare-clonk-oxide,3
clued,1,soare-inlet-bezil-clued,4
perky,1,soare-cider-perky,3
cling,1,soare-linty-black-cling,4
bobby,1,soare-bludy-stobs-bobby,4
unfit,1,soare-linty-thing-input-unfit,5
recap,1,soare-later-break-copay-recap,5
spite,1,soare-cline-empts-spite,4
rapid,1,soare-rainy-cebid-rapid,4
grass,1,soare-bachs-grass,3
basis,1,soare-pasty-basil-acnes-basis,5
clank,1,soare-clink-clank,3
stark,1,soare-thack-stark,3
value,1,soare-gault-value,3
ivory,1,soare-hyoid-ivory,3
seven,1,soare-spelt-hemin-seven,4
bleak,1,soare-clean-bepat-bleak,4
corny,1,soare-north-cyton-corny,4
parry,1,soare-hairy-campi-parry,4
howdy,1,soare-bludy-dhows-howdy,4
stock,1,soare-chout-brick-stock,4
tipsy,1,soare-mushy-giant-tipsy,4
baton,1,soare-aloft-baton,3
twirl,1,soare-built-twirl,3
impel,1,soare-inlet-impel,3
plank,1,soare-clink-baffs-plank,4
elect,1,soare-inlet-clefs-elect,4
naval,1,soare-canty-naval,3
shear,1,soare-aheap-shear,3
shelf,1,soare-spelt-shawl-shelf,4
prior,1,soare-crout-armor-prior,4
shown,1,soare-chout-known-shown,4
surer,1,soare-wiper-uneth-surer,4
which,1,soare-linty-quich-which,4
sinew,1,soare-spelt-hemin-sinew,4
seedy,1,soare-spelt-sheik-seedy,4
flaky,1,soare-clink-flaky,3
spare,1,soare-chant-spare,3
shark,1,soare-thack-shark,3
mover,1,soare-vower-charm-mover,4
build,1,soare-linty-child-badge-build,5
great,1,soare-later-godet-great,4
rebut,1,soare-cider-perky-rebut,4
harem,1,soare-later-ramen-harem,4
mince,1,soare-tuile-ginch-macaw-mince,5
puffy,1,soare-linty-dumpy-puffy,4
batty,1,soare-canty-bafts-batty,4
witty,1,soare-linty-fated-bawks-witty,5
mural,1,soare-rainy-mural,3
slept,1,soare-spelt-slept,3
vegan,1,soare-clean-bavin-vegan,4
camel,1,soare-clean-camel,3
suave,1,soare-thilk-spuds-suave,4
dowel,1,soare-manly-hawed-dowel,4
front,1,soare-crout-fiend-front,4
plain,1,soare-clink-plain,3
quack,1,soare-clink-quash-quack,4
chalk,1,soare-clink-chalk,3
bound,1,soare-bludy-bound,3
viper,1,soare-cider-favel-viper,4
louse,1,soare-pious-halma-louse,4
pooch,1,soare-bludy-tonic-pooch,4
phony,1,soare-biont-phony,3
about,1,soare-aloft-about,3
brink,1,soare-briny-aking-brink,4
robot,1,soare-north-mater-robot,4
leash,1,soare-fluyt-leash,3
bulky,1,soare-linty-badly-bulky,4
plane,1,soare-alive-blimp-canto-plane,5
rabbi,1,soare-rainy-cebid-rabbi,4
minor,1,soare-crout-vigor-minor,4
abide,1,soare-gault-abamp-abide,4
loath,1,soare-calmy-laith-loath,4
style,1,soare-cline-style,3
nudge,1,soare-tuile-fudge-bajan-nudge,5
tonic,1,soare-bludy-tonic,3
scald,1,soare-thilk-yclad-scald,4
decoy,1,soare-melon-aptly-decoy,4
spied,1,soare-spelt-spied,3
owner,1,soare-older-futon-owner,4
lumpy,1,soare-linty-campi-lumpy,4
frost,1,soare-crost-frost,3
merry,1,soare-certy-bumfs-merry,4
gazer,1,soare-later-grype-enzym-gazer,5
smell,1,soare-spelt-shawl-smell,4
bingo,1,soare-biont-bingo,3
timer,1,soare-cider-favel-tamps-timer,5
erode,1,soare-piend-deave-erode,4
chest,1,soare-guest-chest,3
phone,1,soare-clonk-pheon-phone,4
grown,1,soare-crout-blown-defog-grown,5
khaki,1,soare-clink-khaki,3
never,1,soare-cider-letup-fawns-never,5
grope,1,soare-piend-gaita-grope,4
tally,1,soare-canty-fable-tally,4
swung,1,soare-flint-spunk-swung,4
devil,1,soare-inlet-field-devil,4
belie,1,soare-tuile-bilge-belie,4
wrest,1,soare-risen-chats-wrest,4
cress,1,soare-risen-chats-cress,4
rural,1,soare-rainy-boral-rural,4
sniff,1,soare-flint-sniff,3
feign,1,soare-inlet-being-foehn-feign,5
savoy,1,soare-halon-savoy,3
crude,1,soare-price-deems-crude,4
gorge,1,soare-burgh-gaffe-gorge,4
aloof,1,soare-aloft-aloof,3
foyer,1,soare-vower-gryke-foyer,4
viola,1,soare-aloft-viola,3
focal,1,soare-tical-favel-focal,4
thank,1,soare-clink-thank,3
raise,1,soare-paire-raise,3
groan,1,soare-manor-gaols-groan,4
dusky,1,soare-mushy-dalts-dusky,4
dusty,1,soare-mushy-dalts-dusty,4
sappy,1,soare-salty-cuspy-sappy,4
prism,1,soare-brust-champ-prism,4
stone,1,soare-stank-stone,3
tangy,1,soare-canty-tangy,3
optic,1,soare-biont-optic,3
snuff,1,soare-flint-snuff,3
wound,1,soare-bludy-hound-flimp-wound,5
prose,1,soare-prose,2
willy,1,soare-linty-dolma-fowth-willy,5
stick,1,soare-flint-ketch-stick,4
bezel,1,soare-inlet-bezil-bezel,4
taper,1,soare-later-kemps-taper,4
doing,1,soare-bludy-doing,3
admit,1,soare-canty-tidal-admit,4
mossy,1,soare-buist-mossy,3
pearl,1,soare-handy-ramal-pearl,4
segue,1,soare-cline-segue,3
crick,1,soare-briny-flack-capot-crick,5
elude,1,soare-tuile-fremd-elude,4
terse,1,soare-vertu-terse,3
diode,1,soare-clonk-biddy-diode,4
vinyl,1,soare-linty-vinyl,3
steep,1,soare-spelt-steep,3
abbey,1,soare-clean-matey-abbey,4
adorn,1,soare-acorn-adorn,3
jaunt,1,soare-canty-daunt-tavah-gadje-jaunt,6
bribe,1,soare-price-bundt-bribe,4
lucid,1,soare-linty-lucid,3
women,1,soare-manly-women,3
quite,1,soare-tuile-quite,3
leave,1,soare-alive-leave,3
dross,1,soare-crost-dagga-dross,4
anode,1,soare-abode-anode,3
rebus,1,soare-risen-rebus,3
tenor,1,soare-older-terns-tenor,4
shade,1,soare-thilk-damps-shade,4
steak,1,soare-steak,2
tight,1,soare-linty-dight-fatwa-tagma-tight,6
cease,1,soare-chase-cease,3
unzip,1,soare-linty-unzip,3
putty,1,soare-linty-putty,3
brief,1,soare-cider-badge-brief,4
giver,1,soare-cider-favel-radge-giver,5
remit,1,soare-cider-remit,3
clump,1,soare-linty-clump,3
early,1,soare-later-early,3
spasm,1,soare-thilk-swamp-spasm,4
scour,1,soare-scour,2
shone,1,soare-stank-achar-shone,4
salvo,1,soare-halon-salvo,3
ridge,1,soare-price-dirge-ridge,4
album,1,soare-canty-apiol-album,4
knock,1,soare-biont-clown-knock,4
avian,1,soare-canty-align-avian,4
aloft,1,soare-aloft,2
crust,1,soare-brust-tacan-crust,4
embed,1,soare-inlet-check-embed,4
gamma,1,soare-canty-milpa-gamma,4
linen,1,soare-inlet-banak-linen,4
grimy,1,soare-briny-gramp-grimy,4
swear,1,soare-aheap-amowt-swear,4
heart,1,soare-handy-heart,3
sweat,1,soare-steak-sweat,3
punch,1,soare-linty-bumph-punch,4
waver,1,soare-later-grype-waker-favas-waver,6
flour,1,soare-crout-flour,3
cagey,1,soare-clean-cadgy-cagey,4
hence,1,soare-tuile-dench-hence,4
curry,1,soare-built-chafe-curry,4
heron,1,soare-older-heron,3
melon,1,soare-melon,2
cluck,1,soare-linty-clump-cluck,4
metro,1,soare-metro,2
filth,1,soare-linty-filth,3
flake,1,soare-alive-blimp-gated-flake,5
broad,1,soare-manor-baked-broad,4
asset,1,soare-ashen-wisht-asset,4
thong,1,soare-biont-thong,3
voter,1,soare-vower-voter,3
dozen,1,soare-manly-waked-dozen,4
arise,1,soare-paire-arise,3
sheen,1,soare-spelt-sheik-sheen,4
whiff,1,soare-linty-quich-whiff,4
jetty,1,soare-inlet-hefty-jaaps-jetty,5
quark,1,soare-audit-quark,3
knelt,1,soare-inlet-knelt,3
betel,1,soare-inlet-betel,3
swing,1,soare-flint-gulpy-swing,4
fetch,1,soare-inlet-hefty-fetch,4
chant,1,soare-clink-chant,3
humph,1,soare-linty-chump-humph,4
sumac,1,soare-salty-scuba-sumac,4
going,1,soare-bludy-tonic-going,4
wharf,1,soare-audit-calif-wharf,4
sweep,1,soare-spelt-awash-sweep,4
icily,1,soare-linty-amice-icily,4
idyll,1,soare-linty-idyll,3
armor,1,soare-manor-armor,3
sting,1,soare-flint-aking-sting,4
empty,1,soare-inlet-hefty-empty,4
roach,1,soare-roach,2
trunk,1,soare-briny-twank-trunk,4
ficus,1,soare-mushy-ficus,3
straw,1,soare-strap-alway-straw,4
motto,1,soare-bludy-tonic-motto,4
crush,1,soare-brust-crush,3
cross,1,soare-crost-cross,3
force,1,soare-burgh-aceta-force,4
legal,1,soare-clean-metal-ledge-legal,5
react,1,soare-daych-react,3
zonal,1,soare-tical-lindy-zonal,4
vicar,1,soare-rainy-vicar,3
ionic,1,soare-bludy-tonic-cabin-ionic,5
noble,1,soare-budge-noble,3
cough,1,soare-bludy-match-cough,4
pesky,1,soare-guest-pesky,3
frisk,1,soare-brust-champ-frisk,4
stalk,1,soare-thilk-stalk,3
bilge,1,soare-tuile-bilge,3
novel,1,soare-manly-novel,3
facet,1,soare-clean-facet,3
truer,1,soare-cider-letup-brugh-truer,5
whisk,1,soare-mushy-whisk,3
baler,1,soare-later-bapus-baler,4
lipid,1,soare-linty-pavan-lipid,4
butte,1,soare-tuile-butte,3
elate,1,soare-alive-blimp-gated-elate,5
razor,1,soare-manor-valor-razor,4
octal,1,soare-aloft-octal,3
sloop,1,soare-chout-apiol-sloop,4
brash,1,soare-bachs-brash,3
churn,1,soare-built-churn,3
amiss,1,soare-pasty-alums-amiss,4
posit,1,soare-buist-posit,3
jumbo,1,soare-biont-gadje-jumbo,4
fifty,1,soare-linty-fated-fifty,4
shyly,1,soare-flint-hulky-shyly,4
hovel,1,soare-manly-hawed-civet-hovel,5
entry,1,soare-certy-entry,3
crown,1,soare-crout-snowk-crown,4
snipe,1,soare-cline-adapt-snipe,4
borax,1,soare-moral-baffy-borax,4
curly,1,soare-briny-cardi-alive-curly,5
kebab,1,soare-clean-begat-kebab,4
paper,1,soare-later-grype-parch-paper,5
conch,1,soare-bludy-tonic-conch,4
beefy,1,soare-inlet-beady-beefy,4
haven,1,soare-clean-withe-haven,4
truth,1,soare-briny-thump-truth,4
theta,1,soare-clean-adept-theta,4
group,1,soare-crout-gaped-group,4
hunky,1,soare-linty-flank-hunky,4
dolly,1,soare-bludy-galed-dolly,4
grade,1,soare-gitch-adapt-grade,4
kneed,1,soare-inlet-unfed-kneed,4
fetid,1,soare-inlet-tepid-fetid,4
canal,1,soare-canty-canal,3
farce,1,soare-barge-calve-farce,4
pygmy,1,soare-linty-dumpy-pygmy,4
gassy,1,soare-pasty-gassy,3
sloth,1,soare-chout-sloth,3
guilt,1,soare-linty-built-guqin-guilt,5
state,1,soare-thilk-agate-state,4
shank,1,soare-thilk-acing-shank,4
bluer,1,soare-cider-letup-bluer,4
fauna,1,soare-canty-naval-fauna,4
labor,1,soare-manor-valor-labor,4
adage,1,soare-alive-agate-adage,4
primo,1,soare-crout-armor-primo,4
snarl,1,soare-thack-dwalm-snarl,4
opera,1,soare-opera,2
befit,1,soare-inlet-edict-befit,4
wield,1,soare-inlet-field-wacky-wield,5
seize,1,soare-cline-empts-seize,4
paint,1,soare-canty-daunt-taffy-paint,5
adult,1,soare-canty-tidal-adult,4
chick,1,soare-linty-quich-chick,4
friar,1,soare-rainy-taber-friar,4
issue,1,soare-guest-isnae-issue,4
crack,1,soare-train-crawl-amuck-crack,5
cruel,1,soare-cider-skelp-cruel,4
detox,1,soare-melon-aptly-detox,4
humus,1,soare-mushy-humus,3
tiara,1,soare-audit-tiara,3
space,1,soare-thilk-spuds-space,4
mocha,1,soare-tical-choom-mocha,4
valve,1,soare-gault-halva-valve,4
knack,1,soare-clink-knack,3
bible,1,soare-tuile-bible,3
dread,1,soare-later-break-datum-dread,5
cargo,1,soare-manor-ridic-cargo,4
crimp,1,soare-briny-flack-crimp,4
awash,1,soare-clash-awing-awash,4
tempo,1,soare-melon-tempo,3
briny,1,soare-briny,2
poser,1,soare-lamps-poser,3
imply,1,soare-linty-amice-imply,4
prime,1,soare-price-adoze-prime,4
orbit,1,soare-crout-orbit,3
slyly,1,soare-flint-plumy-slyly,4
comet,1,soare-manly-comet,3
table,1,soare-gault-table,3
queue,1,soare-tuile-fudge-queue,4
sower,1,soare-bawds-sower,3
index,1,soare-inlet-index,3
ghoul,1,soare-biont-flock-ghoul,4
flank,1,soare-clink-baffs-flank,4
aisle,1,soare-basti-aisle,3
ether,1,soare-cider-letup-ether,4
snuck,1,soare-flint-snuck,3
hound,1,soare-bludy-hound,3
aware,1,soare-blaff-aware,3
cause,1,soare-basti-clump-cause,4
groom,1,soare-crout-blown-pagod-groom,5
touch,1,soare-bludy-match-touch,4
grand,1,soare-train-drack-badge-grand,5
sewer,1,soare-wiper-sewer,3
dandy,1,soare-canty-maund-dacha-dandy,5
siege,1,soare-cline-agave-siege,4
extol,1,soare-melon-elbow-extol,4
toddy,1,soare-bludy-dhows-toddy,4
ebony,1,soare-melon-ebony,3
fibre,1,soare-thegn-fibre,3
lousy,1,soare-buist-lousy,3
fence,1,soare-tuile-dench-flaps-fence,5
quash,1,soare-clash-awing-quash,4
chase,1,soare-chase,2
tasty,1,soare-pasty-tanhs-tasty,4
juicy,1,soare-linty-juicy,3
trace,1,soare-gitch-trace,3
bonus,1,soare-buist-bonus,3
fleck,1,soare-inlet-elegy-fleck,4
gecko,1,soare-melon-gecko,3
datum,1,soare-canty-fault-datum,4
spelt,1,soare-spelt,2
flown,1,soare-biont-clown-flown,4
storm,1,soare-chant-dumky-storm,4
whelp,1,soare-inlet-elegy-whelp,4
catch,1,soare-canty-butch-catch,4
locus,1,soare-buist-fable-locus,4
pound,1,soare-bludy-hound-flimp-pound,5
these,1,soare-guest-these,3
flint,1,soare-linty-unlit-fadge-flint,5
joint,1,soare-bludy-tonic-jaaps-joint,5
annoy,1,soare-aloft-axion-annoy,4
occur,1,soare-crout-occur,3
eater,1,soare-later-chews-eater,4
claim,1,soare-clink-claim,3
stare,1,soare-chant-stare,3
event,1,soare-inlet-event,3
blurt,1,soare-built-blurt,3
baron,1,soare-manor-bardy-baron,4
rerun,1,soare-cider-perky-routh-rerun,5
breed,1,soare-cider-befog-breed,4
spear,1,soare-aheap-spear,3
drank,1,soare-train-drack-drank,4
foamy,1,soare-calmy-foamy,3
extra,1,soare-alert-extra,3
haunt,1,soare-canty-daunt-tavah-haunt,5
guild,1,soare-linty-child-badge-guild,5
adept,1,soare-clean-adept,3
amber,1,soare-later-bidon-amber,4
reign,1,soare-cider-remit-reign,4
shied,1,soare-spelt-hemin-shied,4
lefty,1,soare-inlet-lefty,3
yield,1,soare-inlet-field-wacky-yield,5
flair,1,soare-train-chafe-flair,4
oaken,1,soare-oaken,2
voice,1,soare-budge-mavie-voice,4
bless,1,soare-guest-blahs-bless,4
piano,1,soare-piano,2
blood,1,soare-biont-carom-blood,4
beard,1,soare-handy-beard,3
awoke,1,soare-abode-twank-awoke,4
round,1,soare-north-round,3
worse,1,soare-hurds-worse,3
carat,1,soare-rainy-cheka-carat,4
bleed,1,soare-inlet-bezil-amped-bleed,5
waltz,1,soare-canty-filch-waltz,4
credo,1,soare-older-credo,3
smock,1,soare-chout-acold-smock,4
husky,1,soare-mushy-abask-husky,4
yacht,1,soare-canty-yacht,3
scowl,1,soare-chout-acold-scowl,4
abhor,1,soare-manor-ardeb-abhor,4
tarot,1,soare-manor-cetyl-tarot,4
swarm,1,soare-thack-dwalm-swarm,4
perch,1,soare-cider-retch-perch,4
abase,1,soare-chase-ablet-abase,4
enjoy,1,soare-melon-jivey-enjoy,4
polka,1,soare-tical-polka,3
dryly,1,soare-briny-daynt-dryly,4
paddy,1,soare-canty-godly-damps-paddy,5
thick,1,soare-linty-thack-thick,4
canoe,1,soare-abode-canoe,3
saute,1,soare-acute-saute,3
sight,1,soare-flint-sight,3
newly,1,soare-inlet-blend-newly,4
every,1,soare-certy-fique-every,4
creep,1,soare-cider-skelp-creep,4
beach,1,soare-letch-bapus-beach,4
glyph,1,soare-linty-glyph,3
motel,1,soare-manly-acted-motel,4
sooth,1,soare-gouty-sooth,3
store,1,soare-chant-store,3
evoke,1,soare-clonk-evoke,3
union,1,soare-biont-oakum-union,4
elope,1,soare-clonk-gambe-elope,4
shook,1,soare-chout-known-shook,4
dress,1,soare-risen-chats-damps-dress,5
wimpy,1,soare-linty-pized-hemps-wimpy,5
crept,1,soare-cider-crept,3
eying,1,soare-inlet-being-byked-eying,5
brake,1,soare-gitch-dumka-brake,4
viral,1,soare-rainy-vicar-viral,4
liken,1,soare-inlet-banak-liken,4
bliss,1,soare-mushy-blats-bliss,4
later,1,soare-later,2
gloat,1,soare-aloft-badge-gloat,4
baggy,1,soare-canty-godly-baggy,4
shaky,1,soare-thilk-shaky,3
serif,1,soare-wiper-serif,3
fishy,1,soare-mushy-fishy,3
tacky,1,soare-canty-tacky,3
crawl,1,soare-train-crawl,3
scold,1,soare-chout-acold-scold,4
clove,1,soare-clonk-clove,3
screw,1,soare-wiper-achar-screw,4
grail,1,soare-train-bagel-grail,4
botch,1,soare-bludy-gotch-botch,4
golem,1,soare-manly-golem,3
spend,1,soare-spelt-acned-spend,4
shoot,1,soare-chout-shoot,3
agate,1,soare-alive-agate,3
repel,1,soare-cider-great-anvil-bapus-repel,6
piper,1,soare-cider-favel-tamps-pacer-piper,6
emcee,1,soare-tuile-dench-emcee,4
crumb,1,soare-briny-crumb,3
clash,1,soare-clash,2
stern,1,soare-atman-stern,3
tepee,1,soare-tuile-chyme-tepee,4
wrong,1,soare-crout-blown-wrong,4
zesty,1,soare-guest-tazza-zesty,4
foray,1,soare-moral-baffy-foray,4
equip,1,soare-inlet-edify-equip,4
skull,1,soare-flint-hulky-alack-skull,5
spook,1,soare-chout-apiol-flank-spook,5
civic,1,soare-linty-caved-civic,4
cried,1,soare-cider-cried,3
unite,1,soare-tuile-unite,3
dairy,1,soare-hairy-daffs-dairy,4
rowdy,1,soare-north-rocky-dooms-rowdy,5
minty,1,soare-linty-minty,3
ashen,1,soare-ashen,2
kneel,1,soare-inlet-kneel,3
hydro,1,soare-hyoid-hydro,3
mirth,1,soare-briny-girth-mirth,4
eject,1,soare-inlet-theca-eject,4
rogue,1,soare-burgh-rogue,3
caulk,1,soare-canty-bubal-caulk,4
pinch,1,soare-linty-milch-cowps-pinch,5
scrum,1,soare-shtup-abeam-scrum,4
sixty,1,soare-flint-bothy-sixty,4
lyric,1,soare-briny-lyric,3
verve,1,soare-price-nervy-verve,4
loser,1,soare-lamps-loser,3
goose,1,soare-pious-gamin-goose,4
woozy,1,soare-bludy-goofs-woozy,4
cider,1,soare-cider,2
roost,1,soare-worst-roost,3
biome,1,soare-clonk-biddy-biome,4
vowel,1,soare-manly-hawed-bafts-vowel,5
ombre,1,soare-chomp-ombre,3
umbra,1,soare-hairy-album-umbra,4
steed,1,soare-spelt-dined-steed,4
artsy,1,soare-marsh-artsy,3
where,1,soare-thegn-where,3
cumin,1,soare-linty-unzip-cumin,4
onset,1,soare-onset,2
fluff,1,soare-linty-clump-fabby-fluff,5
altar,1,soare-rainy-mural-altar,4
waste,1,soare-basti-chapt-tawai-waste,5
flyer,1,soare-cider-letup-flyer,4
sleep,1,soare-spelt-sleep,3
tubal,1,soare-canty-tidal-tubal,4
nicer,1,soare-cider-nicer,3
honor,1,soare-north-honor,3
smart,1,soare-thack-atimy-smart,4
lapse,1,soare-basti-clump-lapse,4
belle,1,soare-tuile-belch-belle,4
heavy,1,soare-letch-deave-heavy,4
pivot,1,soare-biont-alvar-pivot,4
heard,1,soare-handy-heard,3
pudgy,1,soare-linty-dumpy-pudgy,4
qualm,1,soare-clink-qualm,3
verse,1,soare-vertu-verse,3
maybe,1,soare-gault-chivy-pombe-maybe,5
meter,1,soare-cider-letup-meter,4
knead,1,soare-clean-knead,3
handy,1,soare-canty-maund-dacha-handy,5
taboo,1,soare-aloft-baton-taboo,4
scoff,1,soare-chout-acold-proof-scoff,5
hardy,1,soare-rainy-depth-hardy,4
south,1,soare-gouty-south,3
drown,1,soare-crout-blown-defog-drown,5
mecca,1,soare-clean-facet-mecca,4
poesy,1,soare-napes-poesy,3
hunch,1,soare-linty-bumph-hunch,4
quake,1,soare-alive-peach-quake,4
write,1,soare-price-bundt-tawai-write,5
spout,1,soare-chout-inapt-spout,4
whirl,1,soare-built-whirl,3
grind,1,soare-briny-dight-grind,4
music,1,soare-mushy-music,3
place,1,soare-alive-blimp-canto-place,5
thorn,1,soare-hyoid-thorn,3
mulch,1,soare-linty-clump-mulch,4
lager,1,soare-later-aggry-lager,4
poppy,1,soare-bludy-goofs-poppy,4
conic,1,soare-bludy-tonic-cabin-conic,5
windy,1,soare-linty-danks-windy,4
lymph,1,soare-linty-lymph,3
porch,1,soare-north-campi-porch,4
purse,1,soare-vertu-capon-purse,4
learn,1,soare-handy-learn,3
spurt,1,soare-thilk-spurt,3
angst,1,soare-pasty-angst,3
carol,1,soare-manor-cetyl-carol,4
wring,1,soare-briny-dight-wring,4
smote,1,soare-stank-smote,3
sword,1,soare-chant-sword,3
coupe,1,soare-budge-coupe,3
jolly,1,soare-bludy-hotly-wilco-fadge-jolly,6
swamp,1,soare-thilk-swamp,3
judge,1,soare-tuile-fudge-bajan-judge,5
comfy,1,soare-bludy-goofs-comfy,4
boule,1,soare-budge-boule,3
house,1,soare-pious-halma-house,4
fancy,1,soare-canty-fancy,3
clang,1,soare-clink-clang,3
cyber,1,soare-cider-bhels-cyber,4
troll,1,soare-crout-filth-troll,4
